Date,Actual_IHSG,Hybrid_Multivariate,Hybrid_Univariate,Single_LSTM,Error_Hybrid_Multi,Error_Hybrid_Uni
2023-10-19,6846.4267578125,6939.128890991211,6941.257053375244,,-92.70213317871094,-94.83029556274414
2023-10-20,6849.16796875,6938.811245918274,6940.469863891602,,-89.64327716827393,-91.30189514160156
2023-10-23,6741.9638671875,6937.782459259033,6938.623661994934,,-195.8185920715332,-196.65979480743408
2023-10-24,6806.76220703125,6935.969601631165,6934.9339900016785,,-129.20739459991455,-128.17178297042847
2023-10-25,6834.38818359375,6933.376769542694,6930.314586877823,,-98.98858594894409,-95.92640328407288
2023-10-26,6714.51904296875,6931.051078557968,6925.940291404724,,-216.53203558921814,-211.42124843597412
2023-10-27,6758.79296875,6928.638030409813,6920.790700435638,,-169.84506165981293,-161.99773168563843
2023-10-30,6735.89208984375,6925.73086810112,6915.234157562256,,-189.83877825737,-179.34206771850586
2023-10-31,6752.2109375,6922.965661048889,6909.646221160889,,-170.75472354888916,-157.43528366088867
2023-11-01,6642.41796875,6920.328175067902,6904.378463745117,,-277.9102063179016,-261.9604949951172
2023-11-02,6751.38623046875,6917.611521720886,6898.479511260986,,-166.22529125213623,-147.09328079223633
2023-11-03,6788.85009765625,6914.729318618774,6893.0391845703125,,-125.87922096252441,-104.1890869140625
2023-11-06,6878.8359375,6912.836123466492,6889.152179718018,6727.127084171283,-34.0001859664917,-10.316242218017578
2023-11-07,6843.7900390625,6912.162810325623,6887.709808349609,6728.722018654691,-68.37277126312256,-43.919769287109375
2023-11-08,6804.10595703125,6912.707427978516,6888.121829986572,6753.402352702658,-108.60147094726562,-84.01587295532227
2023-11-09,6838.23291015625,6913.535176277161,6889.16134262085,6780.963927381017,-75.30226612091064,-50.92843246459961
2023-11-10,6809.26318359375,6914.412453651428,6890.702377319336,6799.728293738823,-105.14927005767822,-81.43919372558594
2023-11-13,6838.31201171875,6915.402241706848,6892.341888427734,6816.8660350407445,-77.09022998809814,-54.029876708984375
2023-11-14,6862.05517578125,6916.306623458862,6894.109504699707,6823.146444314378,-54.251447677612305,-32.05432891845703
2023-11-15,6958.205078125,6917.413408279419,6896.279590606689,6828.92902780397,40.791669845581055,61.92548751831055
2023-11-16,6958.0078125,6919.100884437561,6899.802934646606,6837.310711230195,38.906928062438965,58.204877853393555
2023-11-17,6977.66796875,6921.657642841339,6904.616550445557,6870.498308510243,56.01032590866089,73.05141830444336
2023-11-20,6994.88818359375,6924.625058174133,6910.321094512939,6898.8195109407825,70.2631254196167,84.56708908081055
2023-11-21,6961.7900390625,6927.893544150516,6916.662877082825,6925.933160661909,33.89649491198361,45.12716197967529
2023-11-22,6906.953125,6931.1206912994385,6922.857634544373,6953.7494424041215,-24.167566299438477,-15.904509544372559
2023-11-23,7004.34423828125,6933.679789543152,6927.849475555122,6975.5603606621735,70.66444873809814,76.4947627261281
2023-11-24,7009.630859375,6935.777533054352,6932.554285526276,6980.034170807878,73.8533263206482,77.07657384872437
2023-11-27,7013.40576171875,6938.145147323608,6937.4230852127075,6980.115762207162,75.2606143951416,75.98267650604248
2023-11-28,7041.0732421875,6940.51958656311,6942.274531364441,6985.136589473288,100.55365562438965,98.79871082305908
2023-11-29,7036.0869140625,6942.917230606079,6947.238878250122,6988.212703474725,93.1696834564209,88.84803581237793
2023-11-30,7080.7412109375,6945.343927383423,6952.151550292969,6998.694715066304,135.39728355407715,128.58966064453125
2023-12-01,7059.90576171875,6947.805725097656,6957.294902801514,7019.0291837425175,112.10003662109375,102.61085891723633
2023-12-04,7093.60009765625,6950.341423034668,6962.366497039795,7035.496456589448,143.25867462158203,131.23360061645508
2023-12-05,7100.85498046875,6952.774751663208,6967.439064025879,7042.883670931638,148.080228805542,133.4159164428711
2023-12-06,7087.39501953125,6955.271841049194,6972.546340942383,7052.679605278798,132.12317848205566,114.84867858886719
2023-12-07,7134.623046875,6957.623271942139,6977.330513000488,7058.139607120203,176.99977493286133,157.29253387451172
2023-12-08,7159.59814453125,6959.8920249938965,6982.15446472168,7064.37910244579,199.70611953735352,177.4436798095703
2023-12-11,7088.78515625,6962.407833099365,6987.337791442871,7073.0989763096295,126.37732315063477,101.4473648071289
2023-12-12,7125.30712890625,6964.712661743164,6991.844097137451,7082.998259762549,160.59446716308594,133.46303176879883
2023-12-13,7075.3408203125,6966.481838226318,6995.7258377075195,7083.8312015256815,108.85898208618164,79.61498260498047
2023-12-14,7176.01611328125,6967.845039367676,6998.590492248535,7081.493667060378,208.17107391357422,177.42562103271484
2023-12-15,7190.98779296875,6969.035087585449,7001.552055358887,7079.631491182212,221.95270538330078,189.43573760986328
2023-12-18,7119.52490234375,6970.783794403076,7005.179527282715,7102.077639870637,148.74110794067383,114.34537506103516
2023-12-19,7187.84619140625,6972.445724487305,7008.359092712402,7121.035933612249,215.4004669189453,179.48709869384766
2023-12-20,7219.6669921875,6973.863914489746,7011.52481842041,7141.418174643986,245.8030776977539,208.14217376708984
2023-12-21,7209.619140625,6975.683403015137,7015.280403137207,7155.691703085802,233.93573760986328,194.33873748779297
2023-12-22,7237.51904296875,6977.747215270996,7019.339393615723,7169.033434098106,259.7718276977539,218.17964935302734
2023-12-25,7240.318033854167,6979.91788482666,7023.718170166016,7177.198249950001,260.4001490275068,216.59986368815134
2023-12-26,7243.117024739583,6982.232070922852,7028.302864074707,7189.868803016885,260.88495381673147,214.814160664876
2023-12-27,7245.916015625,6984.522663116455,7032.871772766113,7203.702920386611,261.3933525085449,213.04424285888672
2023-12-28,7303.88818359375,6986.70405960083,7037.268295288086,7213.817415936195,317.1841239929199,266.61988830566406
2023-12-29,7272.796875,6989.021171569824,7042.071380615234,7225.6091468589,283.7757034301758,230.72549438476562
2024-01-01,7298.1923828125,6991.482189178467,7046.873886108398,7241.684307995645,306.7101936340332,251.31849670410156
2024-01-02,7323.587890625,6993.809631347656,7051.615547180176,7251.386353109425,329.77825927734375,271.9723434448242
2024-01-03,7279.0908203125,6996.243545532227,7056.550842285156,7261.99347151324,282.84727478027344,222.53997802734375
2024-01-04,7359.76318359375,6998.501571655273,7060.985580444336,7273.242915251714,361.26161193847656,298.77760314941406
2024-01-05,7350.619140625,7000.688041687012,7065.644577026367,7272.171348207776,349.9310989379883,284.9745635986328
2024-01-08,7283.5751953125,7003.177917480469,7070.570510864258,7272.555655523247,280.39727783203125,213.0046844482422
2024-01-09,7200.203125,7005.235488891602,7074.584060668945,7276.474880650625,194.96763610839844,125.61906433105469
2024-01-10,7227.296875,7006.044906616211,7076.363372802734,7277.393907252423,221.25196838378906,150.93350219726562
2024-01-11,7219.9638671875,7005.716735839844,7076.378982543945,7268.071912511543,214.24713134765625,143.5848846435547
2024-01-12,7241.13818359375,7004.85758972168,7075.21369934082,7255.599780267847,236.2805938720703,165.9244842529297
2024-01-15,7224.0009765625,7003.761337280273,7073.5367431640625,7241.417066600887,220.23963928222656,150.4642333984375
2024-01-16,7242.787109375,7002.614776611328,7071.511932373047,7231.86164950901,240.17233276367188,171.27517700195312
2024-01-17,7200.634765625,7001.488876342773,7069.514419555664,7226.053997357609,199.14588928222656,131.12034606933594
2024-01-18,7252.966796875,7000.331787109375,7067.216812133789,7221.471398679525,252.635009765625,185.74998474121094
2024-01-19,7227.40185546875,6999.243721008301,7065.259841918945,7210.285809079622,228.15813446044922,162.1420135498047
2024-01-22,7247.92822265625,6998.4617919921875,7063.590118408203,7205.127340670355,249.4664306640625,184.33810424804688
2024-01-23,7256.22900390625,6997.839378356934,7062.327728271484,7202.900723208717,258.3896255493164,193.90127563476562
2024-01-24,7227.8232421875,6997.542594909668,7061.615997314453,7205.0145316922135,230.28064727783203,166.20724487304688
2024-01-25,7178.0419921875,6997.347213745117,7061.008010864258,7207.814890413749,180.6947784423828,117.03398132324219
2024-01-26,7137.087890625,6996.780952453613,7059.719879150391,7206.212388032436,140.30693817138672,77.36801147460938
2024-01-29,7157.1748046875,6995.51114654541,7057.22590637207,7200.032962896468,161.66365814208984,99.94889831542969
2024-01-30,7192.2158203125,6993.7643966674805,7054.023719787598,7184.35417041248,198.45142364501953,138.19210052490234
2024-01-31,7207.94091796875,6992.147506713867,7051.0167236328125,7171.795953330118,215.7934112548828,156.9241943359375
2024-02-01,7201.69580078125,6990.981834411621,7048.682838439941,7162.188506940147,210.7139663696289,153.0129623413086
2024-02-02,7238.78515625,6990.205368041992,7046.952079772949,7159.820227889606,248.5797882080078,191.83307647705078
2024-02-05,7198.615234375,6989.871929168701,7046.152603149414,7161.978734270102,208.74330520629883,152.46263122558594
2024-02-06,7247.408203125,6989.852039337158,7045.735313415527,7171.310898373791,257.5561637878418,201.67288970947266
2024-02-07,7235.15185546875,6990.025196075439,7045.985298156738,7178.507496287508,245.12665939331055,189.16655731201172
2024-02-08,7255.990885416667,6990.570007324219,7046.77970123291,7189.784610152696,265.4208780924482,209.2111841837568
2024-02-09,7276.829915364583,6991.32190322876,7048.103706359863,7199.629026345807,285.50801213582326,228.72620900471975
2024-02-12,7297.6689453125,6992.414451599121,7050.093818664551,7213.8039356180525,305.2544937133789,247.57512664794922
2024-02-13,7209.7412109375,6993.887435913086,7052.82177734375,7228.189327050772,215.85377502441406,156.91943359375
2024-02-14,7256.510986328125,6995.154312133789,7054.951499938965,7245.749688151307,261.35667419433594,201.55948638916016
2024-02-15,7303.28076171875,6995.933311462402,7056.664138793945,7252.895675747786,307.34745025634766,246.6166229248047
2024-02-16,7335.544921875,6996.958396911621,7058.820175170898,7254.463886091718,338.5865249633789,276.72474670410156
2024-02-19,7296.7021484375,6998.505081176758,7061.849990844727,7263.996599489881,298.1970672607422,234.85215759277344
2024-02-20,7352.60107421875,7000.250282287598,7065.056076049805,7271.812582547733,352.35079193115234,287.5449981689453
2024-02-21,7349.02099609375,7002.086143493652,7068.738342285156,7278.58443219155,346.93485260009766,280.28265380859375
2024-02-22,7339.63623046875,7004.224250793457,7072.832824707031,7288.488209083851,335.41197967529297,266.80340576171875
2024-02-23,7295.09521484375,7006.323554992676,7076.895324707031,7296.957396329599,288.7716598510742,218.19989013671875
2024-02-26,7283.8232421875,7007.980026245117,7080.131042480469,7305.3707703283,275.8432159423828,203.69219970703125
2024-02-27,7285.31689453125,7008.9382247924805,7082.249069213867,7311.642429219981,276.37866973876953,203.0678253173828
2024-02-28,7328.63623046875,7009.369941711426,7083.438537597656,7313.082221796343,319.2662887573242,245.19769287109375
2024-02-29,7316.11083984375,7009.703186035156,7084.489166259766,7309.22968876925,306.40765380859375,231.62167358398438
2024-03-01,7311.9072265625,7010.140365600586,7085.4879150390625,7306.627277877284,301.76686096191406,226.4193115234375
2024-03-04,7276.7490234375,7010.4929122924805,7086.309616088867,7301.800850988584,266.25611114501953,190.4394073486328
2024-03-05,7247.4599609375,7010.558822631836,7086.510467529297,7299.466627478614,236.90113830566406,160.94949340820312
2024-03-06,7329.80078125,7010.0647048950195,7085.711959838867,7296.423386533701,319.73607635498047,244.0888214111328
2024-03-07,7373.9638671875,7009.56103515625,7085.140640258789,7286.296356653213,364.40283203125,288.82322692871094
2024-03-08,7381.9072265625,7009.836952209473,7085.764419555664,7283.586339712914,372.07027435302734,296.14280700683594
2024-03-11,7395.007161458333,7010.847412109375,7087.562072753906,7292.934112606032,384.15974934895803,307.4450887044268
2024-03-12,7408.107096354167,7012.371871948242,7090.326110839844,7309.253811443821,395.7352244059248,317.7809855143232
2024-03-13,7421.20703125,7014.293731689453,7093.874206542969,7331.517148098486,406.9132995605469,327.33282470703125
2024-03-14,7433.31494140625,7016.511589050293,7098.03791809082,7353.964952264578,416.80335235595703,335.2770233154297
2024-03-15,7328.05419921875,7018.940826416016,7102.658676147461,7373.5345902588015,309.1133728027344,225.39552307128906
2024-03-18,7302.44921875,7020.813735961914,7106.083160400391,7388.20164939166,281.63548278808594,196.36605834960938
2024-03-19,7336.74609375,7021.448051452637,7107.602752685547,7385.76384027912,315.2980422973633,229.14334106445312
2024-03-20,7331.1279296875,7021.379417419434,7107.997604370117,7373.412557905089,309.7485122680664,223.1303253173828
2024-03-21,7338.35302734375,7021.045974731445,7107.701614379883,7355.076723766135,317.3070526123047,230.6514129638672
2024-03-22,7350.15185546875,7020.549133300781,7107.02946472168,7338.754423463441,329.60272216796875,243.1223907470703
2024-03-25,7377.759765625,7020.094993591309,7106.341522216797,7328.576310272096,357.6647720336914,271.4182434082031
2024-03-26,7365.6640625,7019.920471191406,7106.115524291992,7320.311219772964,345.74359130859375,259.5485382080078
2024-03-27,7310.091796875,7020.018943786621,7106.231353759766,7314.557488894134,290.0728530883789,203.86044311523438
2024-03-28,7288.81298828125,7019.8713302612305,7105.809188842773,7312.268909268401,268.94165802001953,183.00379943847656
2024-03-29,7246.93701171875,7019.132698059082,7104.453598022461,7306.174622983861,227.80431365966797,142.48341369628906
2024-04-01,7205.06103515625,7017.725234985352,7101.839904785156,7296.617313917508,187.33580017089844,103.22113037109375
2024-04-02,7236.98388671875,7015.495475769043,7097.7054443359375,7283.438292710154,221.48841094970703,139.2784423828125
2024-04-03,7166.84423828125,7012.8336181640625,7092.889495849609,7267.601520357406,154.0106201171875,73.95474243164062
2024-04-04,7254.39892578125,7009.8623046875,7087.111053466797,7250.132920018965,244.53662109375,167.28787231445312
2024-04-05,7286.8818359375,7006.919258117676,7081.69450378418,7229.356675302566,279.9625778198242,205.1873321533203
2024-04-08,7269.442592075893,7004.907318115234,7077.667694091797,7217.095261716153,264.53527396065874,191.77489798409624
2024-04-09,7252.003348214285,7003.629127502441,7074.775543212891,7216.61328121835,248.37422071184392,177.2278050013947
2024-04-10,7234.564104352678,7002.671318054199,7072.503677368164,7220.981377290198,231.89278629847922,162.06042698451438
2024-04-11,7217.124860491072,7001.783317565918,7070.438690185547,7224.042118999016,215.3415429251536,146.68617030552468
2024-04-12,7199.685616629465,7000.797622680664,7068.275421142578,7224.902494392052,198.8879939488006,131.41019548688655
2024-04-15,7182.246372767857,6999.615180969238,7065.810317993164,7218.762091229655,182.6311917986186,116.43605477469282
2024-04-16,7164.80712890625,6998.184906005859,7062.921478271484,7208.232070785743,166.62222290039062,101.88565063476562
2024-04-17,7130.8408203125,6996.489234924316,7059.552185058594,7190.047358108073,134.3515853881836,71.28863525390625
2024-04-18,7166.81396484375,6994.4443359375,7055.486175537109,7172.867993367676,172.36962890625,111.32778930664062
2024-04-19,7087.31689453125,6992.295700073242,7051.391304016113,7142.080838704263,95.02119445800781,35.92559051513672
2024-04-22,7073.81982421875,6990.015640258789,7046.67830657959,7119.517151101507,83.80418395996094,27.141517639160156
2024-04-23,7110.81298828125,6987.209289550781,7041.179870605469,7097.350778138745,123.60369873046875,69.63311767578125
2024-04-24,7174.533203125,6984.40060043335,7035.7707443237305,7075.156262055651,190.1326026916504,138.76245880126953
2024-04-25,7155.2939453125,6982.305778503418,7031.655982971191,7058.650440228768,172.98816680908203,123.6379623413086
2024-04-26,7036.0751953125,6981.036762237549,7028.752128601074,7058.656589145816,55.03843307495117,7.323066711425781
2024-04-29,7155.7841796875,6979.58678817749,7025.282997131348,7060.812494061407,176.19739151000977,130.50118255615234
2024-04-30,7234.19677734375,6978.017475128174,7022.383827209473,7056.5671398337,256.1793022155762,211.81295013427734
2024-05-01,7175.810791015625,6977.669609069824,7021.571678161621,7060.913241702263,198.14118194580078,154.2391128540039
2024-05-02,7117.4248046875,6978.197067260742,7021.967903137207,7071.165851388607,139.2277374267578,95.45690155029297
2024-05-03,7134.72412109375,6978.546298980713,7022.167579650879,7079.1426522769325,156.1778221130371,112.5565414428711
2024-05-06,7135.89013671875,6978.54434967041,7022.0837326049805,7085.367011806709,157.34578704833984,113.80640411376953
2024-05-07,7123.61181640625,6978.4675216674805,7021.878402709961,7095.298931819343,145.14429473876953,101.73341369628906
2024-05-08,7088.794921875,6978.2744789123535,7021.445129394531,7106.350427728248,110.52044296264648,67.34979248046875
2024-05-09,7092.28369140625,6977.766128540039,7020.384750366211,7116.098826216694,114.51756286621094,71.89894104003906
2024-05-10,7095.7724609375,6976.902111053467,7018.792236328125,7117.614770765722,118.8703498840332,76.980224609375
2024-05-13,7099.26123046875,6975.925193786621,7016.96280670166,7115.817395013364,123.3360366821289,82.29842376708984
2024-05-14,7083.76318359375,6974.965435028076,7015.1240158081055,7115.182164582991,108.79774856567383,68.63916778564453
2024-05-15,7179.8310546875,6974.011524200439,7013.206443786621,7111.844721607034,205.81953048706055,166.6246109008789
2024-05-16,7246.69580078125,6973.502590179443,7012.403457641602,7102.921696983816,273.19321060180664,234.29234313964844
2024-05-17,7317.23779296875,6974.24142074585,7013.7387771606445,7104.500076690558,342.9963722229004,303.49901580810547
2024-05-20,7266.69091796875,6976.433933258057,7017.734786987305,7124.567776965632,290.25698471069336,248.9561309814453
2024-05-21,7186.037109375,6979.5629959106445,7023.175308227539,7155.940497729418,206.47411346435547,162.86180114746094
2024-05-22,7222.3818359375,6982.338733673096,7028.102798461914,7184.171121881911,240.0431022644043,194.27903747558594
2024-05-23,7207.061197916667,6984.475280761719,7032.40690612793,7196.156307194804,222.58591715494822,174.65429178873728
2024-05-24,7191.740559895833,6986.279365539551,7036.041786193848,7202.370497361771,205.46119435628225,155.69877370198537
2024-05-27,7176.419921875,6987.565933227539,7038.765068054199,7198.603812676534,188.85398864746094,137.65485382080078
2024-05-28,7253.6259765625,6988.29150390625,7040.4580001831055,7187.894054657387,265.33447265625,213.16797637939453
2024-05-29,7140.22900390625,6988.94921875,7042.230110168457,7177.946998848944,151.27978515625,97.99889373779297
2024-05-30,7034.14208984375,6989.398288726807,7043.012420654297,7174.786218989699,44.74380111694336,-8.870330810546875
2024-05-31,6970.73583984375,6988.390754699707,7041.184158325195,7162.534974766095,-17.65491485595703,-70.44831848144531
2024-06-03,7036.19091796875,6985.638809204102,7036.279090881348,7133.469516875994,50.55210876464844,-0.08817291259765625
2024-06-04,7099.31201171875,6981.9735107421875,7029.927551269531,7095.397077995294,117.3385009765625,69.38446044921875
2024-06-05,6947.669921875,6978.695274353027,7024.0141677856445,7063.478995588754,-31.025352478027344,-76.34424591064453
2024-06-06,6974.89697265625,6975.410411834717,7017.249252319336,7045.1303906220855,-0.5134391784667969,-42.35227966308594
2024-06-07,6897.9501953125,6971.495323181152,7009.781967163086,7020.550804214974,-73.54512786865234,-111.83177185058594
2024-06-10,6921.5478515625,6967.311538696289,7001.4099044799805,6998.359362590403,-45.76368713378906,-79.86205291748047
2024-06-11,6855.69091796875,6962.820831298828,6992.698165893555,6973.967081656432,-107.12991333007812,-137.0072479248047
2024-06-12,6850.09716796875,6958.288005828857,6983.526050567627,6952.099404164095,-108.19083786010742,-133.42888259887695
2024-06-13,6831.56396484375,6953.545366287231,6974.078990936279,6926.716438095042,-121.98140144348145,-142.5150260925293
2024-06-14,6734.83203125,6948.879945755005,6964.656890869141,6904.4758051340905,-214.04791450500488,-229.82485961914062
2024-06-17,6732.1943359375,6943.991062164307,6954.505907058716,6886.054832143709,-211.79672622680664,-222.31157112121582
2024-06-18,6729.556640625,6938.66305065155,6943.812446594238,6860.659331743751,-209.1064100265503,-214.25580596923828
2024-06-19,6726.9189453125,6933.422008037567,6933.214924812317,6825.949640997627,-206.50306272506714,-206.2959794998169
2024-06-20,6819.32080078125,6928.51206445694,6923.162799835205,6793.819893946566,-109.1912636756897,-103.84199905395508
2024-06-21,6879.97802734375,6924.462433576584,6914.991974830627,6770.779901769434,-44.48440623283386,-35.01394748687744
2024-06-24,6889.1650390625,6922.0113615989685,6909.6684494018555,6761.8053208417405,-32.846322536468506,-20.50341033935547
2024-06-25,6882.7041015625,6921.047312259674,6906.982215881348,6760.421341512425,-38.34321069717407,-24.278114318847656
2024-06-26,6905.64208984375,6921.062716960907,6906.19931602478,6769.068610855742,-15.420627117156982,-0.5572261810302734
2024-06-27,6967.951171875,6921.744609832764,6906.94087600708,6783.185578409655,46.20656204223633,61.01029586791992
2024-06-28,7063.5771484375,6923.217593193054,6909.463901519775,6799.735152146299,140.3595552444458,154.1132469177246
2024-07-01,7139.6259765625,6925.888617992401,6914.460032463074,6821.453127158209,213.73735857009888,225.16594409942627
2024-07-02,7125.14208984375,6930.062654972076,6922.285522937775,6854.99972659511,195.07943487167358,202.85656690597534
2024-07-03,7196.7548828125,6935.31461763382,6931.948440074921,6898.805557629021,261.4402651786804,264.80644273757935
2024-07-04,7220.88916015625,6941.14688205719,6943.160387992859,6939.921473951443,279.74227809906006,277.7287721633911
2024-07-05,7253.3720703125,6947.618724822998,6955.572523117065,6984.382401147726,305.75334548950195,297.79954719543457
2024-07-08,7250.97705078125,6954.400218963623,6968.747863769531,7030.415086140085,296.57683181762695,282.22918701171875
2024-07-09,7269.80078125,6961.194194793701,6981.992618560791,7075.2865717976965,308.6065864562988,287.808162689209
2024-07-10,7287.0419921875,6967.6835861206055,6994.885612487793,7116.221331564026,319.35840606689453,292.15637969970703
2024-07-11,7300.4072265625,6973.836421966553,7007.252113342285,7149.690360047403,326.57080459594727,293.15511322021484
2024-07-12,7327.580078125,6979.601608276367,7018.954277038574,7178.134304322084,347.9784698486328,308.6258010864258
2024-07-15,7278.86279296875,6985.022045135498,7030.083160400391,7206.345062742577,293.84074783325195,248.77963256835938
2024-07-16,7224.29296875,6989.824352264404,7039.8815994262695,7235.993721764957,234.4686164855957,184.41136932373047
2024-07-17,7224.2177734375,6993.356468200684,7047.387107849121,7256.266464773886,230.8613052368164,176.8306655883789
2024-07-18,7321.07080078125,6995.587196350098,7052.657981872559,7261.069478478443,325.48360443115234,268.4128189086914
2024-07-19,7294.4951171875,6997.430084228516,7057.34504699707,7257.160186217065,297.0650329589844,237.1500701904297
2024-07-22,7321.97607421875,6999.3607177734375,7061.650314331055,7258.019142629244,322.6153564453125,260.3257598876953
2024-07-23,7313.85693359375,7001.166748046875,7065.751434326172,7252.518226839791,312.690185546875,248.10549926757812
2024-07-24,7262.7587890625,7002.940803527832,7069.602157592773,7248.277602548274,259.81798553466797,193.15663146972656
2024-07-25,7240.27685546875,7004.241409301758,7072.4393310546875,7244.991242883174,236.0354461669922,167.8375244140625
2024-07-26,7288.1669921875,7004.744888305664,7073.889877319336,7237.687038921125,283.42210388183594,214.27711486816406
2024-07-29,7288.89697265625,7004.881767272949,7074.787445068359,7223.820994482114,284.0152053833008,214.10952758789062
2024-07-30,7241.86376953125,7005.080665588379,7075.537780761719,7211.675227835556,236.7831039428711,166.32598876953125
2024-07-31,7255.76220703125,7005.015342712402,7075.590423583984,7206.241713636817,250.74686431884766,180.17178344726562
2024-08-01,7325.98486328125,7004.5875244140625,7075.09358215332,7200.496733139938,321.3973388671875,250.8912811279297
2024-08-02,7308.123046875,7004.461952209473,7075.199462890625,7197.487784232406,303.66109466552734,232.923583984375
2024-08-05,7059.65283203125,7004.843162536621,7075.888381958008,7205.901631224726,54.809669494628906,-16.235549926757812
2024-08-06,7129.21484375,7003.983627319336,7073.746170043945,7213.7072084229585,125.23121643066406,55.46867370605469
2024-08-07,7212.130859375,7001.31884765625,7069.268341064453,7208.609756190548,210.81201171875,142.86251831054688
2024-08-08,7195.12109375,6998.696960449219,7064.741561889648,7190.100096896596,196.42413330078125,130.37953186035156
2024-08-09,7256.99609375,6996.586540222168,7060.651947021484,7178.532091955698,260.40955352783203,196.34414672851562
2024-08-12,7297.625,6995.102249145508,7057.785537719727,7177.44562561276,302.5227508544922,239.83946228027344
2024-08-13,7356.63818359375,6994.707778930664,7056.759292602539,7187.387005497774,361.93040466308594,299.87889099121094
2024-08-14,7436.0390625,6995.552490234375,7058.030059814453,7208.2583219316,440.486572265625,378.0090026855469
2024-08-15,7409.5009765625,6997.9130859375,7062.159454345703,7235.458765981821,411.587890625,347.3415222167969
2024-08-16,7432.08984375,7001.4108810424805,7068.185150146484,7278.877215241737,430.67896270751953,363.9046936035156
2024-08-19,7466.8310546875,7005.367111206055,7075.3907470703125,7327.6797508672025,461.4639434814453,391.4403076171875
2024-08-20,7533.98486328125,7009.763633728027,7083.621246337891,7367.859612817541,524.2212295532227,450.3636169433594
2024-08-21,7554.5927734375,7014.792526245117,7093.221374511719,7406.899087152371,539.8002471923828,461.37139892578125
2024-08-22,7488.67578125,7020.467231750488,7103.975280761719,7453.241109971583,468.2085494995117,384.70050048828125
2024-08-23,7544.2978515625,7025.941879272461,7114.3157958984375,7500.078357109931,518.3559722900391,429.9820556640625
2024-08-26,7606.19482421875,7030.933334350586,7124.26301574707,7528.53791017404,575.2614898681641,481.9318084716797
2024-08-27,7597.880859375,7036.107887268066,7134.590866088867,7538.270463376248,561.7729721069336,463.2899932861328
2024-08-28,7658.875,7041.402946472168,7144.9735107421875,7564.984433489284,617.472053527832,513.9014892578125
2024-08-29,7627.60400390625,7046.80387878418,7155.736572265625,7584.64677823284,580.8001251220703,471.867431640625
2024-08-30,7670.73291015625,7052.156463623047,7166.221786499023,7603.636999043738,618.5764465332031,504.51112365722656
2024-09-02,7694.52978515625,7057.259063720703,7176.4874267578125,7619.367584329011,637.2707214355469,518.0423583984375
2024-09-03,7616.52099609375,7062.366729736328,7186.716400146484,7633.283766091641,554.1542663574219,429.8045959472656
2024-09-04,7672.89599609375,7066.796600341797,7195.549224853516,7641.7236277330085,606.0993957519531,477.3467712402344
2024-09-05,7681.04296875,7070.475936889648,7203.3790283203125,7640.093218728172,610.5670318603516,477.6639404296875
2024-09-06,7721.84619140625,7073.906066894531,7210.575653076172,7638.672109399762,647.9401245117188,511.2705383300781
2024-09-09,7702.73876953125,7077.288436889648,7217.656280517578,7643.906256788076,625.4503326416016,485.0824890136719
2024-09-10,7761.38818359375,7080.563934326172,7224.331298828125,7653.7932424069,680.8242492675781,537.056884765625
2024-09-11,7760.955078125,7083.881164550781,7231.184143066406,7664.67469710976,677.0739135742188,529.7709350585938
2024-09-12,7798.15380859375,7087.398864746094,7238.193023681641,7677.97882512935,710.7549438476562,559.9607849121094
2024-09-13,7812.130859375,7091.094573974609,7245.564178466797,7690.418557310142,721.0362854003906,566.5666809082031
2024-09-16,7821.954833984375,7095.031692504883,7253.288665771484,7710.670725096643,726.9231414794922,568.6661682128906
2024-09-17,7831.77880859375,7099.05403137207,7261.163269042969,7735.079324310471,732.7247772216797,570.6155395507812
2024-09-18,7829.134765625,7103.047882080078,7269.0086669921875,7760.10423420991,726.0868835449219,560.1260986328125
2024-09-19,7905.39013671875,7106.85026550293,7276.515350341797,7782.175298958435,798.5398712158203,628.8747863769531
2024-09-20,7743.00390625,7110.884689331055,7284.564666748047,7801.875483191514,632.1192169189453,458.4392395019531
2024-09-23,7775.73095703125,7114.068359375,7290.6888427734375,7828.496983052028,661.66259765625,485.0421142578125
2024-09-24,7778.4912109375,7115.843765258789,7294.812591552734,7844.88455647415,662.6474456787109,483.6786193847656
2024-09-25,7740.90185546875,7116.909210205078,7297.523590087891,7857.190431460753,623.9926452636719,443.3782653808594
2024-09-26,7744.51611328125,7117.1689453125,7298.598388671875,7863.17261825758,627.34716796875,445.917724609375
2024-09-27,7696.916015625,7116.721237182617,7298.354431152344,7863.030010681439,580.1947784423828,398.56158447265625
2024-09-30,7527.92919921875,7115.527297973633,7296.533020019531,7853.345466331564,412.4019012451172,231.39617919921875
2024-10-01,7642.1328125,7112.396865844727,7290.982330322266,7841.25243847353,529.7359466552734,351.1504821777344
2024-10-02,7563.26220703125,7108.14892578125,7283.843994140625,7806.345982381885,455.11328125,279.418212890625
2024-10-03,7543.828125,7103.552536010742,7275.3599853515625,7772.694378361557,440.2755889892578,268.4681396484375
2024-10-04,7496.0908203125,7098.348922729492,7265.685577392578,7728.339874729558,397.7418975830078,230.40524291992188
2024-10-07,7504.134765625,7092.648681640625,7254.857757568359,7680.497516150746,411.486083984375,249.27700805664062
2024-10-08,7557.14208984375,7086.750305175781,7243.602935791016,7625.3237564767915,470.39178466796875,313.5391540527344
2024-10-09,7501.28515625,7081.487823486328,7233.366149902344,7565.620136913276,419.7973327636719,267.91900634765625
2024-10-10,7480.080078125,7076.822784423828,7223.817291259766,7515.034651840833,403.2572937011719,256.2627868652344
2024-10-11,7520.60205078125,7072.309844970703,7214.615539550781,7477.596497403269,448.2922058105469,305.98651123046875
2024-10-14,7559.65478515625,7068.330032348633,7206.5076904296875,7452.562837121877,491.3247528076172,353.1470947265625
2024-10-15,7626.951171875,7065.402786254883,7200.263977050781,7443.966414592607,561.5483856201172,426.68719482421875
2024-10-16,7648.93994140625,7063.950469970703,7196.734619140625,7455.269306610033,584.9894714355469,452.205322265625
2024-10-17,7735.0390625,7064.029632568359,7195.915618896484,7480.828462802179,671.0094299316406,539.1234436035156
2024-10-18,7760.06005859375,7065.755523681641,7198.333953857422,7514.332492813366,694.3045349121094,561.7261047363281
2024-10-21,7772.59619140625,7069.106491088867,7203.700164794922,7557.496708003047,703.4897003173828,568.8960266113281
2024-10-22,7788.98291015625,7073.512771606445,7211.1949462890625,7609.626044248042,715.4701385498047,577.7879638671875
2024-10-23,7787.56494140625,7078.548095703125,7220.122741699219,7661.5872312614665,709.016845703125,567.4421997070312
2024-10-24,7716.548828125,7083.805511474609,7229.697509765625,7704.077194047204,632.7433166503906,486.851318359375
2024-10-25,7694.66015625,7088.406982421875,7238.257751464844,7733.585137467919,606.253173828125,456.40240478515625
2024-10-28,7634.630859375,7091.783096313477,7244.997314453125,7743.633177414027,542.8477630615234,389.633544921875
2024-10-29,7606.60009765625,7093.674346923828,7249.1427001953125,7744.049411798784,512.9257507324219,357.4573974609375
2024-10-30,7569.85009765625,7093.977554321289,7250.544494628906,7728.684923574649,475.87254333496094,319.30560302734375
2024-10-31,7574.01904296875,7092.858291625977,7249.2840576171875,7703.187493049787,481.16075134277344,324.7349853515625
2024-11-01,7505.2568359375,7090.728576660156,7246.1002197265625,7671.896600182095,414.52825927734375,259.1566162109375
2024-11-04,7479.5029296875,7087.627395629883,7240.795989990234,7642.121651863432,391.8755340576172,238.70693969726562
2024-11-05,7491.93115234375,7083.513412475586,7233.5673828125,7608.740127199577,408.41773986816406,258.36376953125
2024-11-06,7383.8681640625,7078.963424682617,7225.3885498046875,7568.043046726816,304.9047393798828,158.4796142578125
2024-11-07,7243.85986328125,7073.733306884766,7215.511322021484,7536.177466611989,170.12655639648438,28.348541259765625
2024-11-08,7287.19091796875,7066.825454711914,7202.442077636719,7506.268188105518,220.36546325683594,84.74884033203125
2024-11-11,7266.4599609375,7058.816665649414,7187.625671386719,7460.235976106778,207.64329528808594,78.83428955078125
2024-11-12,7321.98583984375,7050.752502441406,7172.232849121094,7431.296571016152,271.23333740234375,149.75299072265625
2024-11-13,7308.6708984375,7043.30647277832,7157.841537475586,7398.708729645048,265.3644256591797,150.82936096191406
2024-11-14,7214.56103515625,7036.916915893555,7144.962387084961,7368.887427951719,177.6441192626953,69.59864807128906
2024-11-15,7161.2578125,7030.872886657715,7132.45100402832,7343.277897939144,130.38492584228516,28.806808471679688
2024-11-18,7134.27685546875,7024.5455322265625,7119.586288452148,7311.893115838073,109.7313232421875,14.690567016601562
2024-11-19,7195.71484375,7017.994323730469,7106.416412353516,7273.453397412188,177.72052001953125,89.29843139648438
2024-11-20,7180.3349609375,7011.896675109863,7094.27082824707,7240.164343000855,168.43828582763672,86.06413269042969
2024-11-21,7140.912109375,7006.71257019043,7083.515365600586,7223.426990797452,134.1995391845703,57.39674377441406
2024-11-22,7195.56494140625,7002.045394897461,7073.650619506836,7214.365615540664,193.51954650878906,121.91432189941406
2024-11-25,7314.10791015625,6998.049186706543,7065.328094482422,7203.194452246142,316.05872344970703,248.77981567382812
2024-11-26,7245.88818359375,6995.694053649902,7060.204437255859,7205.176295509926,250.19412994384766,185.68374633789062
2024-11-27,7223.022705078125,6994.802154541016,7057.295715332031,7212.210420115502,228.22055053710938,165.72698974609375
2024-11-28,7200.1572265625,6994.27645111084,7055.40096282959,7220.563014434156,205.88077545166016,144.75626373291016
2024-11-29,7114.26611328125,6993.803787231445,7053.8339920043945,7226.07812003218,120.46232604980469,60.43212127685547
2024-12-02,7046.98583984375,6992.7976150512695,7051.321495056152,7231.7306302765355,54.18822479248047,-4.335655212402344
2024-12-03,7196.01708984375,6990.650928497314,7046.938430786133,7227.126983382404,205.36616134643555,149.0786590576172
2024-12-04,7326.76416015625,6988.351173400879,7042.906349182129,7212.609390233163,338.4129867553711,283.8578109741211
2024-12-05,7313.31298828125,6987.711204528809,7041.7036209106445,7203.622984464993,325.6017837524414,271.60936737060547
2024-12-06,7382.78515625,6988.770214080811,7043.102897644043,7210.491561303905,394.01494216918945,339.68225860595703
2024-12-09,7437.73095703125,6991.067241668701,7047.074729919434,7224.699580129483,446.6637153625488,390.6562271118164
2024-12-10,7453.287109375,6994.773681640625,7053.705879211426,7252.628197856218,458.513427734375,399.5812301635742
2024-12-11,7464.751953125,6999.555709838867,7062.371398925781,7290.473836296587,465.1962432861328,402.38055419921875
2024-12-12,7394.23779296875,7004.897567749023,7072.277481079102,7329.825486419984,389.34022521972656,321.96031188964844
2024-12-13,7324.7890625,7009.967208862305,7081.738189697266,7366.806256027936,314.8218536376953,243.05087280273438
2024-12-16,7258.630859375,7013.751846313477,7089.15185546875,7386.353663322065,244.87901306152344,169.47900390625
2024-12-17,7157.73193359375,7015.753067016602,7093.5286865234375,7388.10303022209,141.97886657714844,64.2032470703125
2024-12-18,7107.875,7015.571327209473,7093.9122314453125,7371.649710686921,92.30367279052734,13.9627685546875
2024-12-19,6977.23779296875,7013.176803588867,7090.320251464844,7342.227142614443,-35.93901062011719,-113.08245849609375
2024-12-20,6983.865234375,7008.560523986816,7082.244003295898,7302.813293830142,-24.695289611816406,-98.37876892089844
2024-12-23,7096.44482421875,7002.120269775391,7070.886978149414,7236.706996142471,94.32455444335938,25.557846069335938
2024-12-24,7065.74609375,6995.640625,7059.292068481445,7179.856947082633,70.10546875,6.4540252685546875
2024-12-25,7056.02099609375,6989.995166778564,7048.384498596191,7132.03019729325,66.02582931518555,7.636497497558594
2024-12-26,7046.2958984375,6984.889446258545,7038.276611328125,7093.162419642133,61.40645217895508,8.019287109375
2024-12-27,7036.57080078125,6980.3357582092285,7029.064315795898,7076.8010973658675,56.235042572021484,7.5064849853515625
2024-12-30,7079.90478515625,6976.285930633545,7020.742568969727,7112.724016744833,103.61885452270508,59.16221618652344
