Date,Actual_IHSG,Hybrid_Univariat,Challenger_v2_A,Challenger_v2_B,Challenger_v2_C
2024-09-12,7798.15380859375,7764.166703403655,7772.426690452687,7812.839324704795,7813.373432625154
2024-09-13,7812.130859375,7803.560654870209,7810.249293205129,7808.273020435398,7809.975104498436
2024-09-16,7812.130859375,7816.278337378365,7812.130859375,7812.130859375,7812.130859375
2024-09-17,7831.77880859375,7816.482056033988,7824.6701827831575,7830.808310082796,7840.216470956542
2024-09-18,7829.134765625,7836.749853723352,7847.3670152392715,7840.143930263642,7844.094969593951
2024-09-19,7905.39013671875,7833.149922333194,7837.940807383065,7868.645056999015,7885.3270437468345
2024-09-20,7743.00390625,7911.685849145212,7949.952205565307,7946.454808999014,7927.118386510178
2024-09-23,7775.73095703125,7742.169544178098,7773.358268540357,7762.677512444595,7758.183304939715
2024-09-24,7778.4912109375,7783.386431600937,7802.785427790183,7827.935664434405,7816.403048202602
2024-09-25,7740.90185546875,7781.03704574994,7817.672385590936,7801.889245809815,7773.96325547707
2024-09-26,7744.51611328125,7743.230669874621,7735.569270414318,7786.816215366279,7769.329231791275
2024-09-27,7696.916015625,7748.212674206938,7774.908293732347,7770.61790235326,7742.847273745683
2024-09-30,7527.92919921875,7698.428194424947,7696.854007723776,7659.830828315827,7646.441460772791
2024-10-01,7642.1328125,7527.154463554347,7532.685838448361,7536.099644623168,7541.5641580060865
2024-10-02,7563.26220703125,7649.451379646965,7635.013225231524,7658.609872740018,7645.595698603792
2024-10-03,7543.828125,7560.606992296087,7568.0799905017875,7551.247587219879,7553.10405580448
2024-10-04,7496.0908203125,7546.543574523308,7525.586724751957,7549.039947537937,7542.918339225324
2024-10-07,7504.134765625,7496.556682906111,7475.809039855244,7516.276797254087,7505.490058372354
2024-10-08,7557.14208984375,7506.51925550645,7478.75233085255,7439.411719151606,7437.203806649196
2024-10-09,7501.28515625,7559.676514736203,7561.055199902234,7561.888954979125,7550.255815353749
2024-10-10,7480.080078125,7500.948060227941,7507.531405168174,7522.067672772322,7516.533641790977
2024-10-11,7520.60205078125,7482.762086451206,7485.805547805934,7486.905729976471,7507.655673233571
2024-10-14,7559.65478515625,7524.011839118718,7538.694067058327,7537.785577654194,7529.528836070803
2024-10-15,7626.951171875,7562.332322464345,7565.263959376262,7555.396368088127,7563.521367570578
2024-10-16,7648.93994140625,7630.951741255584,7613.148545808671,7610.377116885489,7623.4457668559735
2024-10-17,7735.0390625,7651.988491813963,7656.304530999684,7651.4966284249385,7655.8351035313935
2024-10-18,7760.06005859375,7741.049293235471,7735.345642333084,7757.920846779666,7774.027399120839
2024-10-21,7772.59619140625,7763.977665055223,7762.734776342734,7752.286302396087,7762.876526208112
2024-10-22,7788.98291015625,7777.841840681549,7757.2662321312455,7750.712696762345,7740.513433549515
2024-10-23,7787.56494140625,7794.556376029122,7781.62439434315,7792.2448995019895,7782.754138114046
2024-10-24,7716.548828125,7792.608457768352,7769.712600384527,7763.804897162282,7760.70863750428
2024-10-25,7694.66015625,7720.016033069219,7722.781161991282,7729.146519417246,7728.542992339406
2024-10-28,7634.630859375,7699.933590162654,7688.3663146260415,7699.943651954842,7706.920554303785
2024-10-29,7606.60009765625,7637.34895691967,7639.4413801996325,7630.803909060713,7622.127626463069
2024-10-30,7569.85009765625,7610.206221006909,7606.764339422092,7580.961702592974,7551.2768014721005
2024-10-31,7574.01904296875,7572.0387052210735,7580.636041876123,7567.7378235386095,7568.70899580042
2024-11-01,7505.2568359375,7577.014992809494,7559.508883962473,7574.201615237424,7579.930794413877
2024-11-04,7479.5029296875,7505.535077237432,7503.480788066165,7525.907677338909,7521.307818359896
2024-11-05,7491.93115234375,7481.909037633679,7486.2838415842325,7499.758109294438,7491.351173016859
2024-11-06,7383.8681640625,7494.140124493372,7515.717472405987,7489.839843661467,7489.982867506771
2024-11-07,7243.85986328125,7382.578471364165,7380.069636161073,7389.2949225732245,7362.880724065888
2024-11-08,7287.19091796875,7243.623333971489,7314.08642665213,7290.577236795166,7291.720129119013
2024-11-11,7266.4599609375,7291.006521670614,7284.993781160163,7268.7698633801565,7248.862756903101
2024-11-12,7321.98583984375,7265.304864588986,7266.103425922402,7204.151993532697,7213.605916485317
2024-11-13,7308.6708984375,7324.400377915234,7311.00575344201,7291.465417345246,7305.703787990057
2024-11-14,7214.56103515625,7308.477620903368,7311.83518096255,7298.681879504414,7291.120385372244
2024-11-15,7161.2578125,7214.246736030551,7193.594642546239,7205.35859874662,7189.6815357375035
2024-11-18,7134.27685546875,7163.136876460407,7161.285466818297,7182.184136560152,7177.21022908407
2024-11-19,7195.71484375,7135.686685910585,7149.809679138008,7158.3954498428075,7157.143194906179
2024-11-20,7180.3349609375,7198.816047063033,7198.813754744838,7195.349433599124,7205.583687414566
2024-11-21,7140.912109375,7180.434289503683,7174.581020537463,7166.7629733007,7160.24713955902
2024-11-22,7195.56494140625,7142.322872478678,7147.8826225385,7150.374799476765,7155.905886882301
2024-11-25,7314.10791015625,7199.6778904776675,7202.231502128066,7210.415562144799,7218.74755425897
2024-11-26,7245.88818359375,7318.520794603987,7313.795910943413,7299.6518316464,7307.933041857878
2024-11-27,7245.88818359375,7245.671449376414,7245.88818359375,7245.88818359375,7245.88818359375
2024-11-28,7200.1572265625,7251.043387914004,7252.91188373227,7246.374349464944,7226.509634658744
2024-11-29,7114.26611328125,7202.628893351535,7211.165938669659,7197.517031166678,7172.9487997383385
2024-12-02,7046.98583984375,7116.463567263011,7127.93405111912,7134.96099289196,7131.327683372165
2024-12-03,7196.01708984375,7049.62600976475,7059.734963330519,7090.785150956717,7111.418695265903
2024-12-04,7326.76416015625,7202.943314776082,7203.137469439789,7197.869463065306,7200.84882389825
2024-12-05,7313.31298828125,7329.904330928363,7329.306782898715,7318.433267045744,7317.163173502473
2024-12-06,7382.78515625,7314.744610063392,7320.3105746289975,7316.731839892548,7310.062674902831
2024-12-09,7437.73095703125,7389.364826611922,7372.318319890078,7366.464744929982,7366.811590498661
2024-12-10,7453.287109375,7442.751238934978,7437.212239498662,7449.680010765236,7460.404246970685
2024-12-11,7464.751953125,7458.245793754708,7439.114122869743,7440.834968450906,7436.110425442763
2024-12-12,7394.23779296875,7470.453897257439,7460.055520599633,7483.893849196332,7463.996755666919
2024-12-13,7324.7890625,7397.884789546162,7370.525593554436,7365.951122651444,7356.571294724447
2024-12-16,7258.630859375,7329.348244992478,7317.846566291204,7313.872313509991,7298.498752549906
2024-12-17,7157.73193359375,7262.228610940838,7268.264972111133,7252.976923351888,7237.733007319355
2024-12-18,7107.875,7159.507745128803,7149.495190868087,7175.672734579329,7182.837655450134
2024-12-19,6977.23779296875,7110.49371507177,7059.996014157929,7053.766584706044,7042.028392899324
2024-12-20,6983.865234375,6976.0909146198155,6978.5858003020485,6948.403053823283,6948.22876820897
2024-12-23,7096.44482421875,6986.722418073826,7018.497627033782,7058.395430216166,7065.010081718967
2024-12-24,7065.74609375,7099.008145749817,7091.611568867943,7096.887505140823,7102.8190152453635
2024-12-25,7065.74609375,7063.868844620411,7065.74609375,7065.74609375,7065.74609375
2024-12-26,7065.74609375,7067.890846281754,7065.74609375,7065.74609375,7065.74609375
2024-12-27,7036.57080078125,7067.461825659326,7077.151280044629,7072.160756384398,7073.741633767715
2024-12-30,7079.90478515625,7037.984624294753,7033.72327392355,7032.51967684881,7026.563968531714
2024-12-31,7079.90478515625,7083.755489221421,7079.90478515625,7079.90478515625,7079.90478515625
2025-01-01,7079.90478515625,7081.711352689087,7079.90478515625,7079.90478515625,7079.90478515625
2025-01-02,7163.205078125,7082.931855325876,7077.924109518123,7063.6986180513695,7071.182464624416
2025-01-03,7164.42919921875,7168.404159718849,7154.183103705531,7188.2044647770335,7196.410302733769
2025-01-06,7080.47412109375,7166.683381998017,7181.334625065473,7193.869536078227,7194.452548348021
2025-01-07,7083.2841796875,7082.581839285133,7084.265606294003,7074.83691282965,7070.358655682193
2025-01-08,7080.35205078125,7088.56738234571,7066.97555632352,7073.763339817362,7088.586693180187
2025-01-09,7064.587890625,7083.542794919463,7082.048213484066,7071.827197193792,7076.13564410501
2025-01-10,7088.8662109375,7067.588655007662,7072.598353603233,7060.532533217415,7067.070094553963
2025-01-13,7016.87890625,7092.91021062121,7064.735468912529,7044.393575250319,7044.006672991193
2025-01-14,6956.6650390625,7017.855480150525,7019.45602948967,7037.485970161955,7031.442265656548
2025-01-15,7079.56201171875,6959.421067777405,6968.795107108806,6952.637934493373,6973.872455930202
2025-01-16,7107.51904296875,7085.96664613044,7103.653369493194,7125.036889149996,7158.742881030777
2025-01-17,7154.658203125,7108.75877291024,7096.265474674011,7098.158615713118,7106.69987433891
2025-01-20,7170.73681640625,7158.938299494364,7169.686897946181,7179.4955143012685,7195.542645109763
2025-01-21,7181.81982421875,7174.231976989493,7172.561022097868,7175.4948073746655,7195.359297344032
2025-01-22,7257.1279296875,7186.152188651526,7206.961894050191,7197.236271590353,7222.273913974653
2025-01-23,7232.64306640625,7263.238159339714,7256.711529983692,7241.712740073977,7256.098304684351
2025-01-24,7166.05615234375,7235.517445014249,7242.48974925561,7254.853502848123,7262.962087318345
2025-01-27,7166.05615234375,7169.797375133842,7166.05615234375,7166.05615234375,7166.05615234375
2025-01-28,7166.05615234375,7171.5026432652685,7166.05615234375,7166.05615234375,7166.05615234375
2025-01-29,7166.05615234375,7169.851988229494,7166.05615234375,7166.05615234375,7166.05615234375
2025-01-30,7073.47802734375,7169.730196930216,7168.160751720668,7174.833704459457,7157.686703252006
2025-01-31,7109.19580078125,7074.683545361201,7091.028074208942,7074.872616596947,7097.073618164817
2025-02-03,7030.05810546875,7114.66609172297,7099.873733652846,7050.546984151304,7043.588808630451
2025-02-04,7073.458984375,7030.055279950437,7030.762898288727,7061.689115590695,7070.080790579985
2025-02-05,7024.22802734375,7078.393868295813,7089.699900223171,7089.354422581159,7081.087311378804
2025-02-06,6875.5361328125,7024.4617161906035,7032.113081761595,7050.368963982535,7047.415452893619
2025-02-07,6742.576171875,6875.094836981931,6882.615316466185,6874.247891755194,6815.782701471908
2025-02-10,6648.14208984375,6743.297443449072,6788.163734689475,6774.994703295436,6735.485441201316
2025-02-11,6531.990234375,6648.301464904172,6690.855372828013,6678.152676477248,6654.312574235644
2025-02-12,6645.77783203125,6530.067768280124,6560.5370650970235,6572.538048709514,6570.396690698038
2025-02-13,6613.56787109375,6649.22561439889,6663.832012171741,6677.616713305643,6667.3625601563135
2025-02-14,6638.458984375,6609.75901910337,6651.95049470824,6641.373770786043,6648.09707731301
2025-02-17,6830.8818359375,6639.689993475675,6653.57922215488,6658.01975045855,6668.098346299916
2025-02-18,6873.55419921875,6835.641793357596,6799.036736768305,6827.952773602808,6841.547041665863
2025-02-19,6794.8681640625,6873.398002611281,6892.678493931601,6893.727963950135,6894.303290959204
2025-02-20,6788.0419921875,6796.012240185977,6785.206327361904,6759.109075290831,6765.772679746513
2025-02-21,6803.0009765625,6793.123186138127,6794.875532801956,6819.675581537061,6819.584907338216
2025-02-24,6749.60107421875,6807.152244485562,6773.660716343251,6776.503527009566,6786.734248243142
2025-02-25,6587.0869140625,6751.861215077461,6750.716834153745,6726.218656897903,6729.476494868199
2025-02-26,6606.17822265625,6587.615149573428,6596.879419513408,6622.83921183624,6642.617625429704
2025-02-27,6485.4482421875,6612.0001825521995,6601.556891601328,6581.163808595929,6584.431935660896
2025-02-28,6270.59716796875,6483.865858955052,6468.8600940409915,6416.432845289682,6406.522781120057
2025-03-03,6519.658203125,6268.794813366042,6284.768889799451,6277.087655591247,6301.533636938117
2025-03-04,6380.40087890625,6529.330189560997,6515.30091237217,6513.875676935805,6528.0302528605125
2025-03-05,6531.39892578125,6372.707637378897,6397.203652728785,6417.124347544388,6425.71017366037
2025-03-06,6617.84716796875,6538.848193144554,6562.771215267393,6561.680654423655,6579.566857222248
2025-03-07,6636.0,6618.64484797139,6604.522950399516,6590.831711593304,6613.257522958171
2025-03-10,6598.2119140625,6638.120024058305,6630.231076945068,6618.9771299327,6607.472182977311
2025-03-11,6545.85009765625,6600.792879989991,6568.746939169097,6566.639857748733,6548.936558197129
2025-03-12,6665.044921875,6549.175149564716,6542.133676864462,6553.293849387757,6563.470989243803
2025-03-13,6647.4169921875,6672.538214894991,6669.572463176926,6656.501410432281,6669.395195613141
2025-03-14,6515.630859375,6648.861099353342,6636.27998069434,6653.448958954453,6640.844873215455
2025-03-17,6471.94677734375,6517.1984150037015,6542.698795365978,6539.481379724198,6517.467834172923
2025-03-18,6223.38818359375,6476.755004255884,6507.169847532149,6508.853934087138,6491.693678833807
2025-03-19,6311.66015625,6220.631167081605,6233.060946291283,6212.627948026144,6212.158448801446
2025-03-20,6381.673828125,6319.434163939947,6334.741523583189,6333.502416800613,6352.47681493087
2025-03-21,6258.17919921875,6382.16105201609,6377.209332316758,6356.240285161247,6372.765159325604
2025-03-24,6161.2177734375,6255.349205362287,6259.389874547839,6252.240828044634,6241.43465524053
2025-03-25,6235.619140625,6162.239315560374,6181.551468128058,6146.842362961108,6161.092435669072
2025-03-26,6472.35595703125,6239.562230161628,6255.459541693399,6268.3585784125,6295.153435262147
2025-03-27,6510.6201171875,6477.643699654341,6467.778315747772,6462.000739611074,6462.3308648119955
2025-03-28,6510.6201171875,6510.076122404092,6510.6201171875,6510.6201171875,6510.6201171875
2025-03-31,6510.6201171875,6514.302108555582,6510.6201171875,6510.6201171875,6510.6201171875
2025-04-01,6510.6201171875,6515.256077530768,6510.6201171875,6510.6201171875,6510.6201171875
2025-04-02,6510.6201171875,6515.438996533768,6510.6201171875,6510.6201171875,6510.6201171875
2025-04-03,6510.6201171875,6515.412320152138,6510.6201171875,6510.6201171875,6510.6201171875
2025-04-04,6510.6201171875,6515.292122240061,6510.6201171875,6510.6201171875,6510.6201171875
2025-04-07,6510.6201171875,6515.128663714982,6510.6201171875,6510.6201171875,6510.6201171875
2025-04-08,5996.14208984375,6514.947487506442,6459.660524658724,6504.18142223801,6313.266047467809
2025-04-09,5967.98779296875,5987.507924167926,6002.734297481999,5939.654172556725,5934.1625372971175
2025-04-10,6254.02392578125,5977.738748192606,6083.213415111006,6144.24408937207,6194.21532934535
2025-04-11,6262.22607421875,6260.017403520997,6208.141490647529,6238.282663290684,6234.312992689427
2025-04-14,6368.51708984375,6257.607281684446,6348.195285176045,6340.267467481114,6306.115386084038
2025-04-15,6441.68310546875,6372.846949115109,6411.619369977824,6407.97052850904,6427.256159777188
2025-04-16,6400.05419921875,6444.1504349485185,6448.275719383953,6405.571032459191,6415.323420025808
2025-04-17,6438.26904296875,6401.678110169071,6374.685852779324,6403.95587277984,6417.009141993527
2025-04-18,6438.26904296875,6444.214370769347,6438.26904296875,6438.26904296875,6438.26904296875
2025-04-21,6445.966796875,6441.924054288467,6437.581364118668,6426.694572357099,6434.937939080293
2025-04-22,6538.26611328125,6450.7571124291535,6421.11525313763,6433.006388803336,6446.522572823842
2025-04-23,6634.376953125,6544.92456444818,6551.9208403281,6588.007176604126,6604.935831744612
2025-04-24,6613.47802734375,6640.053023993155,6642.976806617422,6620.404232724605,6634.548102068675
2025-04-25,6678.9150390625,6616.992474136085,6647.691421763775,6650.438884403883,6664.0058314191665
2025-04-28,6722.9658203125,6686.761721493442,6683.614769572275,6683.62768193606,6702.605825240136
2025-04-29,6749.0751953125,6728.686479872413,6738.209130743298,6748.028420248006,6759.199652431813
2025-04-30,6766.794921875,6755.052390471186,6767.173620357835,6761.991942021471,6760.426703399297
2025-05-01,6766.794921875,6772.843062125343,6766.794921875,6766.794921875,6766.794921875
2025-05-02,6815.72998046875,6772.415307488221,6773.762399408008,6801.371080319155,6821.009358756014
2025-05-05,6831.9521484375,6822.584886117697,6857.83240186608,6817.577920593718,6827.212785711872
2025-05-06,6898.19677734375,6836.993260288765,6841.148645408945,6841.258583787503,6858.093859713584
2025-05-07,6926.22509765625,6905.049507930231,6900.623805506676,6904.418261964678,6924.011552965069
2025-05-08,6827.75,6931.288477207091,6918.81021247054,6921.369179369431,6933.302591235952
2025-05-09,6832.80322265625,6830.5166753236645,6826.06527436173,6837.852723914889,6842.948355382573
2025-05-12,6832.80322265625,6839.638910519846,6832.80322265625,6832.80322265625,6832.80322265625
2025-05-13,6832.80322265625,6836.875838088902,6832.80322265625,6832.80322265625,6832.80322265625
2025-05-14,6979.8798828125,6836.808652908436,6851.420919387198,6873.07855362656,6912.794890259256
2025-05-15,7040.1611328125,6987.25742035672,6993.073818976456,6984.283129873686,6996.692424254345
2025-05-16,7106.52587890625,7043.373614870604,7052.552103418888,7054.440433037418,7083.200479554503
2025-05-19,7141.0908203125,7112.377875932635,7113.1872803934175,7095.565860271932,7096.861115140095
2025-05-20,7094.60205078125,7146.428722235767,7159.71954075233,7165.933633683763,7175.493073429925
2025-05-21,7142.4609375,7098.820672957963,7089.816766755418,7109.103992422538,7119.587066601253
2025-05-22,7166.98095703125,7150.11223404501,7143.492841153877,7134.821850466655,7158.739600961197
2025-05-23,7214.1630859375,7172.092481602723,7167.281820687473,7173.869301162888,7196.462906575349
2025-05-26,7188.35302734375,7220.357869432905,7219.049035143198,7226.591765282023,7241.364356440316
2025-05-27,7198.966796875,7192.315001392195,7191.027448183865,7188.540021148963,7195.130565464424
2025-05-28,7175.81884765625,7204.931044069459,7197.387601596043,7188.706267929583,7199.3245823270345
2025-05-29,7175.81884765625,7179.873401917565,7175.81884765625,7175.81884765625,7175.81884765625
2025-05-30,7175.81884765625,7180.739922872982,7175.81884765625,7175.81884765625,7175.81884765625
2025-06-02,7065.06884765625,7179.920829154916,7176.07935688745,7163.356191443598,7131.890463634714
2025-06-03,7044.82177734375,7066.226390380369,7079.326627135683,7082.198153765616,7084.246766462127
2025-06-04,7069.037109375,7049.435897106319,7050.552908958202,7085.565171521104,7096.232681387311
2025-06-05,7113.4248046875,7072.348833265658,7080.133741094136,7093.229267530313,7107.459257161357
2025-06-06,7113.4248046875,7116.512152621299,7113.4248046875,7113.4248046875,7113.4248046875
2025-06-09,7113.4248046875,7115.3894148049185,7113.4248046875,7113.4248046875,7113.4248046875
2025-06-10,7230.7451171875,7116.450263912835,7123.541993260747,7134.693531076624,7145.401824854253
2025-06-11,7222.4560546875,7236.741830221256,7232.949424050188,7251.8829751228695,7250.968860195456
2025-06-12,7204.3701171875,7223.951968322346,7227.596892562266,7212.150520388586,7209.5941990234305
2025-06-13,7166.06494140625,7208.463438091468,7215.992138252449,7196.144231688783,7186.288784943354
2025-06-16,7117.5908203125,7169.585470947068,7142.749156809722,7183.057131704585,7183.915028932984
2025-06-17,7155.85205078125,7120.938922192624,7132.698154085481,7121.641356178147,7147.261559996402
2025-06-18,7107.7890625,7161.010223328074,7143.14152278968,7158.564082153427,7157.389142762291
2025-06-19,6968.63916015625,7109.153542264145,7106.61935014562,7088.175182016358,7087.073495771382
2025-06-20,6907.13818359375,6969.187653331924,7009.171390963088,7019.024516122477,6994.262335248926
2025-06-23,6787.14013671875,6910.180141626081,6869.554396391316,6863.643214974419,6830.99195667973
2025-06-24,6869.1708984375,6786.391965789235,6805.101918621589,6841.536603548439,6870.569872034978
2025-06-25,6832.14306640625,6873.7289530182925,6917.257449196639,6914.0447481510455,6929.708983394975
2025-06-26,6897.39990234375,6830.139016975449,6843.382565652595,6828.729122248601,6834.000923614571
2025-06-27,6897.39990234375,6900.658511661313,6897.39990234375,6897.39990234375,6897.39990234375
2025-06-30,6927.67919921875,6897.582417371415,6908.369974401529,6897.603166944756,6915.806899691841
2025-07-01,6915.35986328125,6930.554299463192,6944.974950432801,6949.447339097208,6961.825574728082
2025-07-02,6881.2451171875,6917.038162507628,6915.4996110691845,6918.983897642875,6904.648583361314
2025-07-03,6878.05078125,6883.540067095574,6896.662208659445,6897.6868991799665,6903.969528044186
2025-07-04,6865.19189453125,6881.433632900417,6893.54273530409,6861.23713833077,6865.08844868683
2025-07-07,6900.93212890625,6867.767816255132,6875.234447731934,6869.671451377393,6873.070774486485
2025-07-08,6904.39208984375,6904.936169667001,6886.316630836123,6915.696603180183,6911.5659838863285
2025-07-09,6943.921875,6906.927582202017,6907.513938942297,6906.843214830272,6913.117671177275
2025-07-10,7005.37109375,6948.219573774085,6948.870613401638,6968.005276453558,6976.870350671888
2025-07-11,7047.43798828125,7009.817958078203,7011.000692244596,7014.597244616598,7031.972397309687
2025-07-14,7097.15087890625,7051.588984144858,7038.96029634505,7049.56002080673,7094.888075939554
2025-07-15,7140.47412109375,7102.329407532456,7074.475331985313,7104.371214630476,7121.815760638092
2025-07-16,7192.01806640625,7145.744101927269,7134.849407014891,7131.400979756691,7160.307554698719
2025-07-17,7287.02099609375,7197.966911835045,7179.215960154005,7186.675698581111,7213.0012299372365
2025-07-18,7311.9150390625,7294.1956494894275,7268.020436395508,7293.706446055347,7329.269496115983
2025-07-21,7398.19189453125,7317.085449305111,7285.426188847746,7294.523568607017,7332.482731147525
2025-07-22,7344.73583984375,7406.437586540143,7383.170853711596,7370.3494884726815,7403.398515697834
2025-07-23,7469.22998046875,7348.591865016019,7333.3021996204,7362.191855595692,7378.8380230171215
2025-07-24,7530.90185546875,7479.783357832572,7467.152746844158,7471.162533026699,7475.398141995895
2025-07-25,7543.5029296875,7536.593243330418,7507.692542763022,7506.027929285374,7518.439507108061
2025-07-28,7614.76806640625,7549.694949915525,7515.540351392511,7530.856534832474,7585.596689390196
2025-07-29,7617.9072265625,7623.063625072296,7601.6489253376,7605.947533229031,7612.092814130794
2025-07-30,7549.88818359375,7623.437071925432,7608.471049909411,7619.718752867886,7638.9347482846015
2025-07-31,7484.3369140625,7554.7677054977885,7538.540686816002,7532.704772328525,7536.858022972718
2025-08-01,7537.76806640625,7489.644078810781,7467.112497817854,7437.111980576779,7480.355540159049
2025-08-04,7464.64501953125,7544.849871941578,7543.07788963441,7567.251553059771,7580.279381672332
2025-08-05,7515.18505859375,7466.043802595944,7489.992543201663,7500.854027520828,7507.995514952761
2025-08-06,7503.75,7521.50317956103,7515.486294977445,7516.959360770239,7526.407262725375
2025-08-07,7490.18310546875,7505.895971401973,7517.364015228562,7532.161432278265,7550.500484010637
2025-08-08,7533.384765625,7493.526621344608,7506.56811072684,7495.9918832156345,7566.2080445387455
2025-08-11,7605.9248046875,7537.867832799277,7549.0225560812405,7545.82122292217,7575.037246274855
2025-08-12,7791.69677734375,7610.274099529874,7601.865072183312,7613.583154688918,7649.803308101079
2025-08-13,7892.9111328125,7798.920431210669,7815.33191983147,7831.219894698865,7857.456618135775
2025-08-14,7931.2509765625,7897.296963652493,7898.507191020877,7884.997007931878,7894.749295786028
2025-08-15,7898.375,7936.964483317459,7900.677065852624,7913.574930473731,7939.946422949718
2025-08-18,7898.375,7903.873125709037,7889.138994713246,7883.764980865247,7924.186558010702
2025-08-19,7862.94921875,7905.708615252329,7890.903967146649,7876.956825118981,7885.231640615534
2025-08-20,7943.8251953125,7868.271988116098,7850.935976095385,7829.400622513324,7837.824466689119
2025-08-21,7890.71484375,7952.090721480597,7941.390142849112,7964.240868052896,7941.167301256599
2025-08-22,7858.85107421875,7893.366221897983,7884.781421311702,7892.996002416588,7903.706193075157
2025-08-25,7926.9072265625,7864.187036073498,7901.910343413855,7907.5443559579335,7933.492047343566
2025-08-26,7905.7568359375,7933.458511739243,7913.22756311672,7905.001561751093,7936.449192260539
2025-08-27,7936.17578125,7908.292642393806,7897.903906974342,7900.671635536784,7910.832213829423
2025-08-28,7952.087890625,7941.574467951757,7921.244715970282,7916.5570023953815,7927.347788743373
2025-08-29,7830.4931640625,7955.98851199619,7957.577025749882,7953.8617693931155,7918.681680622611
2025-09-01,7736.06591796875,7831.368113396714,7801.208770024079,7787.357256203681,7707.942627530783
2025-09-02,7801.5849609375,7739.330275299253,7751.6821880204925,7750.833043171767,7764.673306045138
2025-09-03,7885.86279296875,7807.099126452709,7793.807605436966,7796.740951787034,7830.885243715513
2025-09-04,7867.34814453125,7888.910600350016,7881.037263904221,7887.648175721038,7877.31137508986
2025-09-05,7867.34814453125,7868.325410675131,7867.34814453125,7867.34814453125,7867.34814453125
2025-09-08,7766.84912109375,7870.921776430853,7886.962960039211,7892.345692593428,7925.964374345524
2025-09-09,7628.60498046875,7767.546764220677,7762.8172475797255,7778.346410668527,7763.983572025131
2025-09-10,7699.0068359375,7629.748869364972,7636.270219623008,7666.774106839577,7686.332868612004
2025-09-11,7747.90478515625,7704.797742623244,7725.755942584513,7721.219981144249,7759.098459979282
2025-09-12,7854.06005859375,7749.26561948036,7774.902047295895,7796.043189400942,7824.419435772877
2025-09-15,7937.1181640625,7858.056435052179,7857.1824854344695,7859.414109112083,7879.851630763398
2025-09-16,7957.69580078125,7940.376828286083,7940.786297892692,7956.974740628426,7981.506361590946
2025-09-17,8025.17919921875,7960.975596771729,7946.510908516109,7938.663200259466,7949.550305541297
2025-09-18,8008.43310546875,8031.315337854317,8024.819622443266,8029.856235212279,8050.292601913769
2025-09-19,8051.1181640625,8012.095678729837,7980.180598387547,7974.760667383137,7972.816644061628
2025-09-22,8040.0390625,8057.952843403707,8047.415406279562,8061.099362571405,8077.120165049881
2025-09-23,8125.201171875,8044.390931549321,8037.34872477485,8047.859517361508,8063.809878405497
2025-09-24,8126.55810546875,8132.886292395051,8113.275108811128,8120.276898235021,8148.548233481422
2025-09-25,8040.6650390625,8130.519377745357,8108.5135927536485,8105.858558945083,8108.278874050921
2025-09-26,8099.3330078125,8044.1447039566365,8018.038929725409,7981.928356030417,7994.213359916553
2025-09-29,8123.2451171875,8107.129886698887,8101.271336475749,8125.977232141174,8141.942185138507
2025-09-30,8061.06201171875,8127.216384480871,8125.111093952941,8130.425539700887,8139.696932866265
2025-10-01,8043.82177734375,8063.745030353885,8071.6885296352575,8072.365370432652,8074.233466536449
2025-10-02,8071.0810546875,8048.626394077233,8055.150008641429,8096.559701484871,8104.343350343154
2025-10-03,8118.30078125,8075.591049165914,8073.336378489695,8084.414227743961,8098.07053366758
2025-10-06,8139.89404296875,8122.475947936981,8114.90523961324,8116.4112548194125,8138.159022350267
2025-10-07,8169.28076171875,8143.341386913472,8141.718091727826,8145.78155804379,8169.485586209794
2025-10-08,8166.02880859375,8173.627310172383,8155.531021961827,8157.002672342727,8181.265154205739
2025-10-09,8250.9384765625,8169.599611219629,8174.6563986627,8177.64551328364,8184.541644529522
2025-10-10,8257.859375,8257.345378848602,8242.069963402018,8250.683260930053,8256.227406638729
2025-10-13,8227.2021484375,8261.068975925502,8191.368575225272,8195.032435183923,8164.485513590533
2025-10-14,8066.52197265625,8231.237782351358,8270.165689884401,8228.80122273119,8253.104455598597
2025-10-15,8051.1748046875,8067.650093986599,8066.802926819815,8121.9852481964845,8138.774880569957
2025-10-16,8124.7568359375,8057.10058920561,8070.559713821026,8092.219884208037,8091.570936977118
2025-10-17,7915.65576171875,8129.25854127528,8124.591321202048,8098.118956445647,8116.925883390105
2025-10-20,8088.97802734375,7911.883342453843,7981.3728937252345,8008.084438718945,8026.027103484926
2025-10-21,8238.083984375,8098.927195415628,8124.28540723991,8120.299530088097,8150.374993311893
2025-10-22,8152.55322265625,8240.427175665287,8240.485809446496,8247.387335499921,8242.068399630552
2025-10-23,8274.3515625,8151.5178318799635,8146.463518617422,8147.767356584291,8164.257114809049
2025-10-24,8271.7216796875,8282.830407963002,8305.876477913504,8320.464702885341,8323.889945356514
2025-10-27,8117.15087890625,8273.666171322708,8282.57845534747,8315.6939954805,8333.775071173775
2025-10-28,8092.62890625,8118.31100187759,8149.331032964033,8115.246032214845,8122.998833598904
2025-10-29,8166.22412109375,8098.679275899788,8112.84597337345,8137.001608282193,8137.719084009187
2025-10-30,8184.06396484375,8171.432216313806,8186.882641509344,8180.778315965477,8183.862982985877
2025-10-31,8163.875,8186.426159380957,8179.921078861913,8181.744316241801,8187.751655388242
2025-11-03,8275.083984375,8166.642393540073,8176.675909975241,8205.169709912125,8222.018795744209
2025-11-04,8241.9111328125,8281.679899237937,8272.923952188195,8230.295803326775,8238.042668352984
2025-11-05,8318.5263671875,8243.068704873456,8223.349066442188,8199.399021943256,8187.468951794047
2025-11-06,8337.0576171875,8325.381426066877,8325.65670956406,8354.94743417013,8371.905508536414
2025-11-07,8394.58984375,8340.575222927033,8316.157259765218,8288.464207111161,8303.77232314528
2025-11-10,8391.240234375,8400.606093763148,8387.460400089669,8441.993691919133,8464.791662668193
2025-11-11,8366.5146484375,8395.226596830462,8406.653740826387,8393.920278588559,8413.42553114718
2025-11-12,8388.56640625,8371.18470168427,8369.461881174531,8384.527764204811,8393.66654876138
2025-11-13,8371.9990234375,8394.37775222721,8389.171118204362,8391.960766167906,8404.625468150994
2025-11-14,8370.435546875,8375.809644220322,8349.988216009517,8296.9761494799,8316.373533706274
2025-11-17,8416.8818359375,8375.12402494025,8380.495757440887,8396.648688570147,8406.46967577964
2025-11-18,8361.92578125,8422.157824784024,8394.869277405664,8327.877967302395,8351.905159292326
2025-11-19,8406.5771484375,8363.904986026411,8359.988513974073,8357.467939633047,8370.568654639259
2025-11-20,8419.9169921875,8412.621199818299,8407.491454049594,8454.4130621718,8469.74937352178
2025-11-21,8414.3515625,8423.186256507926,8393.116492498857,8315.660987608011,8320.072819919325
2025-11-24,8570.25390625,8417.968881327512,8418.687570734623,8437.63245276473,8456.897248624946
2025-11-25,8521.884765625,8578.090429691867,8585.61112936014,8588.264296608186,8581.897827739018
2025-11-26,8602.1298828125,8522.474517232242,8541.083041150921,8563.812107904923,8560.287519256224
2025-11-27,8545.865234375,8610.016321940446,8614.03847456766,8618.20759700122,8617.688761500503
2025-11-28,8508.7060546875,8547.97029692146,8564.797198875942,8548.84135567362,8550.265074934563
2025-12-01,8548.7880859375,8513.77960490381,8517.783628014156,8501.031528811996,8517.272208002318
2025-12-02,8617.04296875,8554.657890282235,8555.664674535044,8587.156648616829,8602.484474252497
2025-12-03,8611.787109375,8622.148703557821,8620.82838812635,8625.482696044413,8645.40906129983
2025-12-04,8640.1962890625,8614.935561811175,8609.15503672912,8616.804954144145,8638.374398528686
2025-12-05,8632.7607421875,8645.602384691418,8633.471564396259,8654.214764984092,8665.173127027761
2025-12-08,8710.6953125,8636.59776284102,8640.794485025635,8644.896077885734,8670.425716158568
2025-12-09,8657.1787109375,8717.265233452601,8697.131593462638,8691.506487982104,8720.544095124116
2025-12-10,8700.923828125,8659.129767084192,8646.144805976124,8657.106340699705,8696.228349382274
2025-12-11,8620.4814453125,8707.604598432174,8717.01031379163,8692.854738189057,8728.477786158575
2025-12-12,8660.4990234375,8622.041667925136,8626.945982071846,8657.347504410096,8670.549687985476
2025-12-15,8649.662109375,8666.976034079944,8652.368826170443,8614.040737543959,8650.37815346575
2025-12-16,8686.46875,8652.29339893808,8656.766524697829,8610.371525302957,8645.910458281029
2025-12-17,8677.3447265625,8691.297639531278,8677.23282800568,8705.472732691956,8717.372817500924
2025-12-18,8618.1953125,8680.140312388821,8664.954757907433,8663.54355249028,8685.70322097943
2025-12-19,8609.55078125,8620.663920629268,8637.523585377501,8649.98002960575,8665.83795221193
2025-12-22,8645.84375,8613.704108294583,8626.536651194216,8650.021968581465,8649.517454729896
2025-12-23,8584.7822265625,8649.838026841931,8661.227710362002,8658.56878223569,8661.357574092035
2025-12-24,8537.9111328125,8585.71880549055,8602.067952177009,8591.434083096725,8594.643882110035
2025-12-25,8537.9111328125,8540.778930735776,8537.9111328125,8537.9111328125,8537.9111328125
2025-12-26,8537.9111328125,8541.116868375006,8537.9111328125,8537.9111328125,8537.9111328125
2025-12-29,8644.255859375,8540.1633954349,8551.008713898227,8564.196287907747,8567.322203094955
2025-12-30,8646.9384765625,8649.244500794159,8642.694951946492,8652.479276015323,8639.865776192213
2025-12-31,8646.9384765625,8648.10244702448,8646.9384765625,8646.9384765625,8646.9384765625
2026-01-01,8646.9384765625,8650.568236312354,8646.9384765625,8646.9384765625,8646.9384765625
2026-01-02,8748.1318359375,8650.625866737826,8647.606661105185,8692.04857786378,8707.97308359262
2026-01-05,8859.19140625,8754.430737739604,8749.602127064905,8790.55721106482,8805.01729205115
2026-01-06,8933.609375,8864.467596364972,8860.049176319064,8890.861850987245,8910.80655454707
2026-01-07,8944.8134765625,8938.858458665394,8921.176452831047,8912.133739027027,8934.579282296414
2026-01-08,8925.470703125,8949.920755718698,8921.07474501709,8924.914487319715,8931.82557513023
2026-01-09,8936.75390625,8931.154588405398,8923.58158217833,8937.171328583972,8962.452821080155
2026-01-12,8884.72265625,8943.410644683825,8945.660065606236,8963.242730227703,8995.340663316098
2026-01-13,8948.302734375,8888.904467648148,8902.083645956674,8923.627766454654,8947.235802867355
2026-01-14,9032.583984375,8955.92359095367,8939.179621986837,8966.343726075227,9003.913949141297
2026-01-15,9075.40625,9038.34557417501,9028.000158154045,9042.398585181812,9068.038113400751
2026-01-16,9075.40625,9080.272893740794,9079.09355963285,9095.647718511991,9084.65907009635
2026-01-19,9133.873046875,9080.2327125973,9064.805457220064,9078.292063185088,9093.078016669153
2026-01-20,9134.7001953125,9140.818429440817,9120.88589569601,9117.437602773174,9137.423708742874
2026-01-21,9010.330078125,9139.185607738991,9108.133434540652,9131.002854607046,9116.225620118836
2026-01-22,8992.1826171875,9012.753598831108,9034.546902876917,9041.296768394572,9052.94504619913
2026-01-23,8951.009765625,8998.455937097107,9015.69320382353,9020.494723798804,9036.246867906439
2026-01-26,8975.333984375,8953.816917481892,8968.488797284062,8954.272470637121,8964.036979724362
2026-01-27,8980.23046875,8979.735149565508,8999.058572900803,9035.162086711933,9027.174082460206
2026-01-28,8320.5556640625,8982.692192852779,9008.950916431004,9032.589145281212,8754.677581181235
2026-01-29,8232.203125,8306.970114359172,8319.342396067072,8298.82476138254,8202.648879172124
2026-01-30,8329.6064453125,8241.153166407334,8300.726154589742,8246.994415893807,8273.515783404013
2026-02-02,7922.73095703125,8329.227485723983,8328.377933724703,8245.682337155768,8236.741473671818
2026-02-03,8122.59716796875,7907.480442967646,7999.07234458951,8052.79654569484,8007.200715940224
2026-02-04,8146.716796875,8130.077342820108,8144.10520664301,8173.854358126086,8171.393181027482
2026-02-05,8103.87890625,8138.673080685185,8166.865046073164,8122.020246627209,8126.365052722043
2026-02-06,7935.259765625,8099.856322794229,8089.318602064738,8066.3755174159,8018.875469840584
2026-02-09,8031.8740234375,7929.855356952664,8029.010948598346,8072.673641352285,8061.445597956596
2026-02-10,8131.73779296875,8035.310893400755,8038.993566684877,8048.057152062665,8039.129812350929
2026-02-11,8290.9658203125,8131.135951825305,8135.27175441298,8171.7416016659035,8175.756507250756
2026-02-12,8265.3515625,8293.779183228959,8305.022784052175,8318.586408217403,8331.976898796123
2026-02-13,8212.271484375,8264.433141936464,8249.25955060071,8236.361113942645,8232.761677067478
2026-02-16,8212.271484375,8215.212848979007,8210.993883799849,8215.699085780034,8231.709863665712
2026-02-17,8212.271484375,8216.915565219126,8212.271484375,8212.271484375,8212.271484375
2026-02-18,8310.2265625,8216.014862062226,8217.63932919158,8218.881359183048,8229.697188991386
2026-02-19,8274.0810546875,8316.516890722258,8306.163663318188,8327.185435887965,8351.25911748886
2026-02-20,8271.7666015625,8275.791606483634,8280.644445471533,8289.4612118121,8299.92073094694
2026-02-23,8396.08203125,8276.988467745483,8316.701322562596,8322.88741406061,8345.066888199326
2026-02-24,8280.8330078125,8403.479789627554,8378.545946206365,8405.132204413416,8425.556331536638
2026-02-25,8322.228515625,8280.63578241125,8306.702776831133,8336.070398190197,8340.386820808211
2026-02-26,8235.26171875,8330.069390148003,8359.783193484482,8350.90730599708,8356.610014476477
2026-02-27,8235.4853515625,8236.471455140638,8227.293789992367,8233.761877683124,8221.068937746679
2026-03-02,8016.8330078125,8240.902672790678,8234.601006245548,8207.741218912102,8151.509317906542
2026-03-03,7939.76708984375,8014.560580627413,8038.819831291943,7943.078246465647,7963.330170185342
2026-03-04,7577.06396484375,7943.760770138544,7913.275775265129,7778.588751159486,7771.300125644858
2026-03-05,7710.537109375,7569.818679481146,7644.9295747878205,7711.567540883941,7731.64677296378
2026-03-06,7585.68701171875,7718.681170265869,7681.536501149935,7712.07550905653,7712.963661334299
2026-03-09,7337.369140625,7577.600448926064,7576.978148181244,7459.93683133071,7404.566003097332
2026-03-10,7440.9130859375,7331.591653742928,7426.932969609933,7480.938492196526,7493.996811649998
2026-03-11,7389.39892578125,7444.431483617806,7444.528416763012,7492.768725354345,7500.573655421331
2026-03-12,7362.1171875,7382.95859472809,7394.640989130042,7359.089682634551,7364.570789700107
2026-03-13,7137.2119140625,7360.286487613947,7335.652087311614,7330.181657835078,7324.6011610519445
2026-03-16,7022.2880859375,7130.298849270275,7162.451253750983,7182.011737177956,7158.011645768964
2026-03-17,7106.8388671875,7021.265219779917,7062.544004456072,7074.655737649931,7081.420896101055
2026-03-18,7106.8388671875,7107.892595836611,7131.005513490802,7180.998497858409,7155.544936252824
2026-03-19,7106.8388671875,7103.115135947179,7085.534537151157,7021.9848342873875,7017.979404325225
2026-03-20,7106.8388671875,7105.888978532227,7117.984864928585,7107.37276493636,7093.17814247722
2026-03-23,7106.8388671875,7106.582589354243,7075.6708877322935,6998.13560999969,6991.706502103456
2026-03-24,7106.8388671875,7107.397046325815,7144.516890684256,7174.5122111468145,7151.318787024282
2026-03-25,7302.12109375,7108.058597224343,7090.13102346405,7147.976622846053,7126.991065360055
2026-03-26,7164.0908203125,7308.753921870895,7333.7815386760585,7277.345959268279,7281.093759000498
2026-03-27,7097.05712890625,7160.42687013191,7138.630908328813,7144.940175120179,7137.753088275359
2026-03-30,7091.669921875,7101.704783375089,7092.878320457505,7058.661455450334,7035.265557663628
2026-03-31,7048.22216796875,7095.553049275258,7099.451982337524,7056.661911809572,7074.855629548375
2026-04-01,7184.43798828125,7050.028593511442,7116.932562349044,7187.923753965742,7205.0858621216585
2026-04-02,7026.7822265625,7191.192622915991,7181.786184392804,7118.686618047411,7109.267897701087
2026-04-03,7026.7822265625,7023.57529674183,7026.7822265625,7026.7822265625,7026.7822265625
2026-04-06,6989.42578125,7032.722437365104,7047.219927580525,7053.277520761395,7033.024525518773
2026-04-07,6971.02685546875,6990.752752317761,7006.299867877738,7027.878004218931,7025.829037090374
2026-04-08,7279.208984375,6973.5804924770655,6969.890424830783,7071.27789236752,7125.196638310292
2026-04-09,7307.5888671875,7289.264553269283,7309.2235398719495,7272.844100697984,7245.554876765194
2026-04-10,7458.49609375,7306.5560525119345,7302.674314518824,7330.0053452882175,7344.184673350705
2026-04-13,7500.18701171875,7467.346763779743,7447.017362119737,7435.416748494958,7419.9184960562425
2026-04-14,7675.951171875,7504.823104995968,7511.711295181031,7553.124292340458,7584.9247743856795
2026-04-15,7623.5859375,7686.898795174933,7672.983595898521,7697.281420581644,7728.876371861871
2026-04-16,7621.3818359375,7627.206880939199,7621.872019858445,7662.088278046161,7672.329650038561
2026-04-17,7634.00390625,7630.591980687709,7624.238158775221,7600.249919057673,7613.578061589881
2026-04-20,7594.11083984375,7641.730175027912,7678.205033026075,7675.331450720439,7685.364952097304
2026-04-21,7559.3798828125,7599.849313822327,7590.875867065436,7629.299154087298,7611.509543914183
2026-04-22,7541.61181640625,7565.400261957435,7554.993988325407,7549.107196045888,7532.504593880822
2026-04-23,7378.60595703125,7546.988463292057,7570.371077913683,7550.574425098767,7559.772636259935
2026-04-24,7129.490234375,7379.3430913164,7383.03599869478,7406.344157384786,7395.193448945534
2026-04-27,7106.52001953125,7129.329017131685,7173.005484184678,7181.869985447078,7183.470534524841
2026-04-28,7072.39208984375,7111.07655142731,7127.453866980181,7114.980868545894,7125.489545826661
2026-04-29,7101.22607421875,7071.263090799031,7079.661997155552,7094.18243478049,7105.995354503956
2026-04-30,6956.80419921875,7101.790993040808,7102.089491142665,7065.510346604353,7073.605224897869
