Date,Actual_IHSG,Hybrid_Univariat,Challenger_Ensemble
2024-09-12,7798.15380859375,7764.166703403655,7771.034863786187
2024-09-13,7812.130859375,7803.560654870209,7810.489646904125
2024-09-16,7812.130859375,7816.278337378365,7826.1301032106985
2024-09-17,7831.77880859375,7816.482056033988,7817.470019351936
2024-09-18,7829.134765625,7836.749853723352,7835.498081959554
2024-09-19,7905.39013671875,7833.149922333194,7828.871823527928
2024-09-20,7743.00390625,7911.685849145212,7929.38136541202
2024-09-23,7775.73095703125,7742.169544178098,7748.975482220441
2024-09-24,7778.4912109375,7783.386431600937,7782.249022188931
2024-09-25,7740.90185546875,7781.03704574994,7787.495620195316
2024-09-26,7744.51611328125,7743.230669874621,7745.956091998147
2024-09-27,7696.916015625,7748.212674206938,7756.1269107796
2024-09-30,7527.92919921875,7698.428194424947,7694.892234394508
2024-10-01,7642.1328125,7527.154463554347,7538.885984969317
2024-10-02,7563.26220703125,7649.451379646965,7633.365102395584
2024-10-03,7543.828125,7560.606992296087,7565.5277837294525
2024-10-04,7496.0908203125,7546.543574523308,7544.549425265065
2024-10-07,7504.134765625,7496.556682906111,7504.499082247124
2024-10-08,7557.14208984375,7506.51925550645,7484.701237509584
2024-10-09,7501.28515625,7559.676514736203,7570.818685031672
2024-10-10,7480.080078125,7500.948060227941,7512.865959506066
2024-10-11,7520.60205078125,7482.762086451206,7483.9458968032395
2024-10-14,7559.65478515625,7524.011839118718,7535.21882562994
2024-10-15,7626.951171875,7562.332322464345,7570.612683151469
2024-10-16,7648.93994140625,7630.951741255584,7620.792960381307
2024-10-17,7735.0390625,7651.988491813963,7656.784513573972
2024-10-18,7760.06005859375,7741.049293235471,7733.723596697754
2024-10-21,7772.59619140625,7763.977665055223,7760.73831633354
2024-10-22,7788.98291015625,7777.841840681549,7768.51537372004
2024-10-23,7787.56494140625,7794.556376029122,7790.213968025464
2024-10-24,7716.548828125,7792.608457768352,7772.606084378895
2024-10-25,7694.66015625,7720.016033069219,7721.142270410587
2024-10-28,7634.630859375,7699.933590162654,7696.296941010694
2024-10-29,7606.60009765625,7637.34895691967,7640.756428674779
2024-10-30,7569.85009765625,7610.206221006909,7615.262878332772
2024-10-31,7574.01904296875,7572.0387052210735,7573.893831682996
2024-11-01,7505.2568359375,7577.014992809494,7551.135236003587
2024-11-04,7479.5029296875,7505.535077237432,7515.665696765975
2024-11-05,7491.93115234375,7481.909037633679,7467.705082330836
2024-11-06,7383.8681640625,7494.140124493372,7506.095230025628
2024-11-07,7243.85986328125,7382.578471364165,7408.826795383662
2024-11-08,7287.19091796875,7243.623333971489,7267.354809923457
2024-11-11,7266.4599609375,7291.006521670614,7300.923617557696
2024-11-12,7321.98583984375,7265.304864588986,7274.478761284987
2024-11-13,7308.6708984375,7324.400377915234,7324.3240713782025
2024-11-14,7214.56103515625,7308.477620903368,7310.918391638205
2024-11-15,7161.2578125,7214.246736030551,7204.998889742659
2024-11-18,7134.27685546875,7163.136876460407,7145.172819975102
2024-11-19,7195.71484375,7135.686685910585,7149.023056677206
2024-11-20,7180.3349609375,7198.816047063033,7209.774066963037
2024-11-21,7140.912109375,7180.434289503683,7189.500524443828
2024-11-22,7195.56494140625,7142.322872478678,7156.734423062727
2024-11-25,7314.10791015625,7199.6778904776675,7212.837596455061
2024-11-26,7245.88818359375,7318.520794603987,7306.9138498852535
2024-11-27,7245.88818359375,7245.671449376414,7255.004797373424
2024-11-28,7200.1572265625,7251.043387914004,7244.05080728095
2024-11-29,7114.26611328125,7202.628893351535,7205.31341725085
2024-12-02,7046.98583984375,7116.463567263011,7131.710772799294
2024-12-03,7196.01708984375,7049.62600976475,7063.828636007633
2024-12-04,7326.76416015625,7202.943314776082,7201.753633073598
2024-12-05,7313.31298828125,7329.904330928363,7334.990692246093
2024-12-06,7382.78515625,7314.744610063392,7309.336924093565
2024-12-09,7437.73095703125,7389.364826611922,7384.909422670752
2024-12-10,7453.287109375,7442.751238934978,7426.972578944655
2024-12-11,7464.751953125,7458.245793754708,7446.73985471932
2024-12-12,7394.23779296875,7470.453897257439,7479.419373701583
2024-12-13,7324.7890625,7397.884789546162,7383.382895738575
2024-12-16,7258.630859375,7329.348244992478,7326.290488214808
2024-12-17,7157.73193359375,7262.228610940838,7271.344045901053
2024-12-18,7107.875,7159.507745128803,7164.692056110942
2024-12-19,6977.23779296875,7110.49371507177,7092.536192910815
2024-12-20,6983.865234375,6976.0909146198155,6976.378548417465
2024-12-23,7096.44482421875,6986.722418073826,7011.229630501764
2024-12-24,7065.74609375,7099.008145749817,7099.72656339938
2024-12-25,7065.74609375,7063.868844620411,7078.332029802402
2024-12-26,7065.74609375,7067.890846281754,7073.440000067379
2024-12-27,7036.57080078125,7067.461825659326,7073.239726368173
2024-12-30,7079.90478515625,7037.984624294753,7022.514075708603
2024-12-31,7079.90478515625,7083.755489221421,7070.117206492372
2025-01-01,7079.90478515625,7081.711352689087,7073.377049544069
2025-01-02,7163.205078125,7082.931855325876,7078.094775765846
2025-01-03,7164.42919921875,7168.404159718849,7155.197844916297
2025-01-06,7080.47412109375,7166.683381998017,7171.607644387857
2025-01-07,7083.2841796875,7082.581839285133,7087.260727433035
2025-01-08,7080.35205078125,7088.56738234571,7076.610257537099
2025-01-09,7064.587890625,7083.542794919463,7086.282917606758
2025-01-10,7088.8662109375,7067.588655007662,7071.032696959703
2025-01-13,7016.87890625,7092.91021062121,7072.808219657678
2025-01-14,6956.6650390625,7017.855480150525,7017.171411458547
2025-01-15,7079.56201171875,6959.421067777405,6961.512406645225
2025-01-16,7107.51904296875,7085.96664613044,7104.275566507289
2025-01-17,7154.658203125,7108.75877291024,7104.794420760276
2025-01-20,7170.73681640625,7158.938299494364,7171.495979167276
2025-01-21,7181.81982421875,7174.231976989493,7174.073950595699
2025-01-22,7257.1279296875,7186.152188651526,7197.7848257599035
2025-01-23,7232.64306640625,7263.238159339714,7265.367684852402
2025-01-24,7166.05615234375,7235.517445014249,7240.362357213974
2025-01-27,7166.05615234375,7169.797375133842,7168.661201819677
2025-01-28,7166.05615234375,7171.5026432652685,7155.665038427314
2025-01-29,7166.05615234375,7169.851988229494,7180.908239881792
2025-01-30,7073.47802734375,7169.730196930216,7165.318901040022
2025-01-31,7109.19580078125,7074.683545361201,7082.147000330396
2025-02-03,7030.05810546875,7114.66609172297,7102.40836570334
2025-02-04,7073.458984375,7030.055279950437,7024.44942232097
2025-02-05,7024.22802734375,7078.393868295813,7083.755692974751
2025-02-06,6875.5361328125,7024.4617161906035,7031.365173087394
2025-02-07,6742.576171875,6875.094836981931,6883.170960825243
2025-02-10,6648.14208984375,6743.297443449072,6744.75879336398
2025-02-11,6531.990234375,6648.301464904172,6677.287664922337
2025-02-12,6645.77783203125,6530.067768280124,6556.252698648409
2025-02-13,6613.56787109375,6649.22561439889,6656.303108943918
2025-02-14,6638.458984375,6609.75901910337,6630.339872765044
2025-02-17,6830.8818359375,6639.689993475675,6642.944213195323
2025-02-18,6873.55419921875,6835.641793357596,6832.528946381232
2025-02-19,6794.8681640625,6873.398002611281,6873.08253823065
2025-02-20,6788.0419921875,6796.012240185977,6795.9354793290595
2025-02-21,6803.0009765625,6793.123186138127,6782.452493571974
2025-02-24,6749.60107421875,6807.152244485562,6782.9430718734275
2025-02-25,6587.0869140625,6751.861215077461,6747.724087031721
2025-02-26,6606.17822265625,6587.615149573428,6589.673866146435
2025-02-27,6485.4482421875,6612.0001825521995,6613.115660825222
2025-02-28,6270.59716796875,6483.865858955052,6481.776104556604
2025-03-03,6519.658203125,6268.794813366042,6298.61472864111
2025-03-04,6380.40087890625,6529.330189560997,6500.552196639102
2025-03-05,6531.39892578125,6372.707637378897,6373.459914155892
2025-03-06,6617.84716796875,6538.848193144554,6548.378018536438
2025-03-07,6636.0,6618.64484797139,6591.681765393487
2025-03-10,6598.2119140625,6638.120024058305,6634.991198480212
2025-03-11,6545.85009765625,6600.792879989991,6565.211294664372
2025-03-12,6665.044921875,6549.175149564716,6539.276321906774
2025-03-13,6647.4169921875,6672.538214894991,6673.231980958819
2025-03-14,6515.630859375,6648.861099353342,6634.032769253765
2025-03-17,6471.94677734375,6517.1984150037015,6536.349270273108
2025-03-18,6223.38818359375,6476.755004255884,6485.374658845848
2025-03-19,6311.66015625,6220.631167081605,6231.971920111255
2025-03-20,6381.673828125,6319.434163939947,6341.991482198552
2025-03-21,6258.17919921875,6382.16105201609,6392.294176953877
2025-03-24,6161.2177734375,6255.349205362287,6274.750849048762
2025-03-25,6235.619140625,6162.239315560374,6198.105036048432
2025-03-26,6472.35595703125,6239.562230161628,6252.379197558116
2025-03-27,6510.6201171875,6477.643699654341,6461.7333562570075
2025-03-28,6510.6201171875,6510.076122404092,6512.013795698364
2025-03-31,6510.6201171875,6514.302108555582,6490.216804223112
2025-04-01,6510.6201171875,6515.256077530768,6516.613710718855
2025-04-02,6510.6201171875,6515.438996533768,6504.390186609146
2025-04-03,6510.6201171875,6515.412320152138,6518.021963326664
2025-04-04,6510.6201171875,6515.292122240061,6458.586899436681
2025-04-07,6510.6201171875,6515.128663714982,6449.251856309336
2025-04-08,5996.14208984375,6514.947487506442,6487.610866099518
2025-04-09,5967.98779296875,5987.507924167926,5975.003958545042
2025-04-10,6254.02392578125,5977.738748192606,6034.551037675361
2025-04-11,6262.22607421875,6260.017403520997,6221.419756995267
2025-04-14,6368.51708984375,6257.607281684446,6306.898789828263
2025-04-15,6441.68310546875,6372.846949115109,6395.448386292391
2025-04-16,6400.05419921875,6444.1504349485185,6447.621119269134
2025-04-17,6438.26904296875,6401.678110169071,6369.809623488123
2025-04-18,6438.26904296875,6444.214370769347,6442.214426112749
2025-04-21,6445.966796875,6441.924054288467,6437.850756476201
2025-04-22,6538.26611328125,6450.7571124291535,6410.366972936113
2025-04-23,6634.376953125,6544.92456444818,6556.4367346856325
2025-04-24,6613.47802734375,6640.053023993155,6648.242707116399
2025-04-25,6678.9150390625,6616.992474136085,6648.612481207518
2025-04-28,6722.9658203125,6686.761721493442,6691.633899081671
2025-04-29,6749.0751953125,6728.686479872413,6740.221216358561
2025-04-30,6766.794921875,6755.052390471186,6766.318767387375
2025-05-01,6766.794921875,6772.843062125343,6779.073983671068
2025-05-02,6815.72998046875,6772.415307488221,6773.425297339899
2025-05-05,6831.9521484375,6822.584886117697,6841.632496655424
2025-05-06,6898.19677734375,6836.993260288765,6833.044726185932
2025-05-07,6926.22509765625,6905.049507930231,6898.069669355123
2025-05-08,6827.75,6931.288477207091,6935.60101932447
2025-05-09,6832.80322265625,6830.5166753236645,6830.62077874102
2025-05-12,6832.80322265625,6839.638910519846,6833.235629933607
2025-05-13,6832.80322265625,6836.875838088902,6858.077692845606
2025-05-14,6979.8798828125,6836.808652908436,6847.892116196359
2025-05-15,7040.1611328125,6987.25742035672,6984.183553824151
2025-05-16,7106.52587890625,7043.373614870604,7047.601097928834
2025-05-19,7141.0908203125,7112.377875932635,7113.130612846978
2025-05-20,7094.60205078125,7146.428722235767,7142.516664737667
2025-05-21,7142.4609375,7098.820672957963,7090.619652379175
2025-05-22,7166.98095703125,7150.11223404501,7125.062059064982
2025-05-23,7214.1630859375,7172.092481602723,7164.684657973701
2025-05-26,7188.35302734375,7220.357869432905,7204.216199602561
2025-05-27,7198.966796875,7192.315001392195,7182.7974273177515
2025-05-28,7175.81884765625,7204.931044069459,7210.489192385341
2025-05-29,7175.81884765625,7179.873401917565,7168.440969301634
2025-05-30,7175.81884765625,7180.739922872982,7184.077225918135
2025-06-02,7065.06884765625,7179.920829154916,7178.791791412838
2025-06-03,7044.82177734375,7066.226390380369,7084.136659865913
2025-06-04,7069.037109375,7049.435897106319,7056.883634722748
2025-06-05,7113.4248046875,7072.348833265658,7077.0365954464205
2025-06-06,7113.4248046875,7116.512152621299,7111.355987188527
2025-06-09,7113.4248046875,7115.3894148049185,7129.94170303701
2025-06-10,7230.7451171875,7116.450263912835,7116.750515390035
2025-06-11,7222.4560546875,7236.741830221256,7235.114833121316
2025-06-12,7204.3701171875,7223.951968322346,7219.7275344503805
2025-06-13,7166.06494140625,7208.463438091468,7217.6737264083595
2025-06-16,7117.5908203125,7169.585470947068,7157.051066289812
2025-06-17,7155.85205078125,7120.938922192624,7130.228234792674
2025-06-18,7107.7890625,7161.010223328074,7146.042529968408
2025-06-19,6968.63916015625,7109.153542264145,7106.228566764039
2025-06-20,6907.13818359375,6969.187653331924,6975.308266306549
2025-06-23,6787.14013671875,6910.180141626081,6900.454371271776
2025-06-24,6869.1708984375,6786.391965789235,6810.468361739778
2025-06-25,6832.14306640625,6873.7289530182925,6890.269027844049
2025-06-26,6897.39990234375,6830.139016975449,6840.7669582086355
2025-06-27,6897.39990234375,6900.658511661313,6916.441728906762
2025-06-30,6927.67919921875,6897.582417371415,6906.851613031712
2025-07-01,6915.35986328125,6930.554299463192,6938.825135334292
2025-07-02,6881.2451171875,6917.038162507628,6920.55705479053
2025-07-03,6878.05078125,6883.540067095574,6891.602848240756
2025-07-04,6865.19189453125,6881.433632900417,6892.046527780963
2025-07-07,6900.93212890625,6867.767816255132,6870.632648993349
2025-07-08,6904.39208984375,6904.936169667001,6898.0392666814
2025-07-09,6943.921875,6906.927582202017,6899.269272459287
2025-07-10,7005.37109375,6948.219573774085,6953.013259903112
2025-07-11,7047.43798828125,7009.817958078203,7007.361792590025
2025-07-14,7097.15087890625,7051.588984144858,7042.311436309687
2025-07-15,7140.47412109375,7102.329407532456,7096.753965407792
2025-07-16,7192.01806640625,7145.744101927269,7128.699870035817
2025-07-17,7287.02099609375,7197.966911835045,7191.645696635205
2025-07-18,7311.9150390625,7294.1956494894275,7285.332517982582
2025-07-21,7398.19189453125,7317.085449305111,7306.85084212968
2025-07-22,7344.73583984375,7406.437586540143,7401.415649468688
2025-07-23,7469.22998046875,7348.591865016019,7346.909924865852
2025-07-24,7530.90185546875,7479.783357832572,7474.019794406761
2025-07-25,7543.5029296875,7536.593243330418,7523.90140835524
2025-07-28,7614.76806640625,7549.694949915525,7540.114689405022
2025-07-29,7617.9072265625,7623.063625072296,7612.088521154843
2025-07-30,7549.88818359375,7623.437071925432,7610.036740774596
2025-07-31,7484.3369140625,7554.7677054977885,7547.229337935336
2025-08-01,7537.76806640625,7489.644078810781,7483.782848634134
2025-08-04,7464.64501953125,7544.849871941578,7523.422918634953
2025-08-05,7515.18505859375,7466.043802595944,7485.398475679484
2025-08-06,7503.75,7521.50317956103,7509.872479871679
2025-08-07,7490.18310546875,7505.895971401973,7511.340616516822
2025-08-08,7533.384765625,7493.526621344608,7492.13789025667
2025-08-11,7605.9248046875,7537.867832799277,7550.140560285758
2025-08-12,7791.69677734375,7610.274099529874,7594.4353506073585
2025-08-13,7892.9111328125,7798.920431210669,7803.035743202672
2025-08-14,7931.2509765625,7897.296963652493,7889.9049182928175
2025-08-15,7898.375,7936.964483317459,7922.726348543352
2025-08-18,7898.375,7903.873125709037,7891.444569700604
2025-08-19,7862.94921875,7905.708615252329,7894.789835565154
2025-08-20,7943.8251953125,7868.271988116098,7854.756598943732
2025-08-21,7890.71484375,7952.090721480597,7943.559481728058
2025-08-22,7858.85107421875,7893.366221897983,7886.039698838217
2025-08-25,7926.9072265625,7864.187036073498,7880.4778709132515
2025-08-26,7905.7568359375,7933.458511739243,7920.557351753318
2025-08-27,7936.17578125,7908.292642393806,7911.883511691962
2025-08-28,7952.087890625,7941.574467951757,7944.286363826936
2025-08-29,7830.4931640625,7955.98851199619,7960.311060530109
2025-09-01,7736.06591796875,7831.368113396714,7830.447364721352
2025-09-02,7801.5849609375,7739.330275299253,7750.030459117435
2025-09-03,7885.86279296875,7807.099126452709,7801.523192341483
2025-09-04,7867.34814453125,7888.910600350016,7895.832662735886
2025-09-05,7867.34814453125,7868.325410675131,7878.308357127677
2025-09-08,7766.84912109375,7870.921776430853,7868.432272548281
2025-09-09,7628.60498046875,7767.546764220677,7775.728497719543
2025-09-10,7699.0068359375,7629.748869364972,7646.235793694944
2025-09-11,7747.90478515625,7704.797742623244,7714.277388805903
2025-09-12,7854.06005859375,7749.26561948036,7762.767144049518
2025-09-15,7937.1181640625,7858.056435052179,7857.75291927253
2025-09-16,7957.69580078125,7940.376828286083,7946.35696181899
2025-09-17,8025.17919921875,7960.975596771729,7952.0235606943015
2025-09-18,8008.43310546875,8031.315337854317,8019.303804802809
2025-09-19,8051.1181640625,8012.095678729837,8008.669184958803
2025-09-22,8040.0390625,8057.952843403707,8060.491249013655
2025-09-23,8125.201171875,8044.390931549321,8053.777216967234
2025-09-24,8126.55810546875,8132.886292395051,8123.995025264852
2025-09-25,8040.6650390625,8130.519377745357,8120.835229269483
2025-09-26,8099.3330078125,8044.1447039566365,8037.97524410243
2025-09-29,8123.2451171875,8107.129886698887,8112.342583060728
2025-09-30,8061.06201171875,8127.216384480871,8126.021650825155
2025-10-01,8043.82177734375,8063.745030353885,8071.544441429529
2025-10-02,8071.0810546875,8048.626394077233,8055.717561604521
2025-10-03,8118.30078125,8075.591049165914,8074.051935085407
2025-10-06,8139.89404296875,8122.475947936981,8124.4125658554085
2025-10-07,8169.28076171875,8143.341386913472,8151.502966035409
2025-10-08,8166.02880859375,8173.627310172383,8165.122161316347
2025-10-09,8250.9384765625,8169.599611219629,8179.605449996596
2025-10-10,8257.859375,8257.345378848602,8240.07081486077
2025-10-13,8227.2021484375,8261.068975925502,8216.488126345903
2025-10-14,8066.52197265625,8231.237782351358,8247.741678313225
2025-10-15,8051.1748046875,8067.650093986599,8070.246001914698
2025-10-16,8124.7568359375,8057.10058920561,8059.389187632664
2025-10-17,7915.65576171875,8129.25854127528,8123.160492031883
2025-10-20,8088.97802734375,7911.883342453843,7933.049640524288
2025-10-21,8238.083984375,8098.927195415628,8115.732006542827
2025-10-22,8152.55322265625,8240.427175665287,8225.85568580035
2025-10-23,8274.3515625,8151.5178318799635,8146.104796683653
2025-10-24,8271.7216796875,8282.830407963002,8292.851121019614
2025-10-27,8117.15087890625,8273.666171322708,8280.839396260802
2025-10-28,8092.62890625,8118.31100187759,8135.227391969879
2025-10-29,8166.22412109375,8098.679275899788,8098.623930938562
2025-10-30,8184.06396484375,8171.432216313806,8175.172121935853
2025-10-31,8163.875,8186.426159380957,8179.211161274384
2025-11-03,8275.083984375,8166.642393540073,8171.065260190072
2025-11-04,8241.9111328125,8281.679899237937,8278.80240977001
2025-11-05,8318.5263671875,8243.068704873456,8221.098318883847
2025-11-06,8337.0576171875,8325.381426066877,8323.703059109801
2025-11-07,8394.58984375,8340.575222927033,8322.172042275919
2025-11-10,8391.240234375,8400.606093763148,8393.93029836875
2025-11-11,8366.5146484375,8395.226596830462,8414.810838561576
2025-11-12,8388.56640625,8371.18470168427,8368.277158447514
2025-11-13,8371.9990234375,8394.37775222721,8398.362251338507
2025-11-14,8370.435546875,8375.809644220322,8351.34972406321
2025-11-17,8416.8818359375,8375.12402494025,8371.164389388608
2025-11-18,8361.92578125,8422.157824784024,8402.03242634268
2025-11-19,8406.5771484375,8363.904986026411,8356.072021550523
2025-11-20,8419.9169921875,8412.621199818299,8406.997956494713
2025-11-21,8414.3515625,8423.186256507926,8393.067474829635
2025-11-24,8570.25390625,8417.968881327512,8424.022109103324
2025-11-25,8521.884765625,8578.090429691867,8586.592102102957
2025-11-26,8602.1298828125,8522.474517232242,8536.941007597035
2025-11-27,8545.865234375,8610.016321940446,8614.13015330485
2025-11-28,8508.7060546875,8547.97029692146,8555.105950625708
2025-12-01,8548.7880859375,8513.77960490381,8529.32614383126
2025-12-02,8617.04296875,8554.657890282235,8547.274769362419
2025-12-03,8611.787109375,8622.148703557821,8618.547502272595
2025-12-04,8640.1962890625,8614.935561811175,8615.254494316898
2025-12-05,8632.7607421875,8645.602384691418,8642.179269864435
2025-12-08,8710.6953125,8636.59776284102,8635.75207287624
2025-12-09,8657.1787109375,8717.265233452601,8701.931729064712
2025-12-10,8700.923828125,8659.129767084192,8657.44810985316
2025-12-11,8620.4814453125,8707.604598432174,8709.031897312903
2025-12-12,8660.4990234375,8622.041667925136,8633.250734064133
2025-12-15,8649.662109375,8666.976034079944,8647.21129321753
2025-12-16,8686.46875,8652.29339893808,8651.32312784908
2025-12-17,8677.3447265625,8691.297639531278,8682.974867863648
2025-12-18,8618.1953125,8680.140312388821,8663.802802739368
2025-12-19,8609.55078125,8620.663920629268,8628.011277116842
2025-12-22,8645.84375,8613.704108294583,8623.109708202304
2025-12-23,8584.7822265625,8649.838026841931,8661.81814793671
2025-12-24,8537.9111328125,8585.71880549055,8599.83352955522
2025-12-25,8537.9111328125,8540.778930735776,8550.284957183268
2025-12-26,8537.9111328125,8541.116868375006,8546.39649501309
2025-12-29,8644.255859375,8540.1633954349,8545.201677531062
2025-12-30,8646.9384765625,8649.244500794159,8633.701252626726
2025-12-31,8646.9384765625,8648.10244702448,8644.700069630055
2026-01-01,8646.9384765625,8650.568236312354,8633.771047035327
2026-01-02,8748.1318359375,8650.625866737826,8645.872776228463
2026-01-05,8859.19140625,8754.430737739604,8744.638979082982
2026-01-06,8933.609375,8864.467596364972,8867.951916403867
2026-01-07,8944.8134765625,8938.858458665394,8935.300937660719
2026-01-08,8925.470703125,8949.920755718698,8931.023935563278
2026-01-09,8936.75390625,8931.154588405398,8924.066937738342
2026-01-12,8884.72265625,8943.410644683825,8948.177491822456
2026-01-13,8948.302734375,8888.904467648148,8896.453653334773
2026-01-14,9032.583984375,8955.92359095367,8946.118243220057
2026-01-15,9075.40625,9038.34557417501,9028.088645829986
2026-01-16,9075.40625,9080.272893740794,9075.622543810117
2026-01-19,9133.873046875,9080.2327125973,9068.433141700641
2026-01-20,9134.7001953125,9140.818429440817,9130.563537742717
2026-01-21,9010.330078125,9139.185607738991,9104.796365521268
2026-01-22,8992.1826171875,9012.753598831108,9034.969198206802
2026-01-23,8951.009765625,8998.455937097107,9007.586237441037
2026-01-26,8975.333984375,8953.816917481892,8962.113929277726
2026-01-27,8980.23046875,8979.735149565508,8994.595637522083
2026-01-28,8320.5556640625,8982.692192852779,8994.36806991202
2026-01-29,8232.203125,8306.970114359172,8351.125998327057
2026-01-30,8329.6064453125,8241.153166407334,8251.376722020921
2026-02-02,7922.73095703125,8329.227485723983,8318.424003692684
2026-02-03,8122.59716796875,7907.480442967646,7962.851771020585
2026-02-04,8146.716796875,8130.077342820108,8141.630802614788
2026-02-05,8103.87890625,8138.673080685185,8145.249033068932
2026-02-06,7935.259765625,8099.856322794229,8089.894127671493
2026-02-09,8031.8740234375,7929.855356952664,7986.578294135523
2026-02-10,8131.73779296875,8035.310893400755,8051.106982753925
2026-02-11,8290.9658203125,8131.135951825305,8128.463981212811
2026-02-12,8265.3515625,8293.779183228959,8310.869155435721
2026-02-13,8212.271484375,8264.433141936464,8240.90118076039
2026-02-16,8212.271484375,8215.212848979007,8228.364187669973
2026-02-17,8212.271484375,8216.915565219126,8222.615448469103
2026-02-18,8310.2265625,8216.014862062226,8219.607596255215
2026-02-19,8274.0810546875,8316.516890722258,8336.335490781852
2026-02-20,8271.7666015625,8275.791606483634,8270.170645803124
2026-02-23,8396.08203125,8276.988467745483,8302.334636612079
2026-02-24,8280.8330078125,8403.479789627554,8393.1428689758
2026-02-25,8322.228515625,8280.63578241125,8306.108062958336
2026-02-26,8235.26171875,8330.069390148003,8353.3018750268
2026-02-27,8235.4853515625,8236.471455140638,8233.952267357672
2026-03-02,8016.8330078125,8240.902672790678,8234.958433739888
2026-03-03,7939.76708984375,8014.560580627413,8038.943089692612
2026-03-04,7577.06396484375,7943.760770138544,7923.561577836889
2026-03-05,7710.537109375,7569.818679481146,7608.70508229316
2026-03-06,7585.68701171875,7718.681170265869,7715.405521559279
2026-03-09,7337.369140625,7577.600448926064,7587.464807723684
2026-03-10,7440.9130859375,7331.591653742928,7373.19532406137
2026-03-11,7389.39892578125,7444.431483617806,7453.569487056311
2026-03-12,7362.1171875,7382.95859472809,7386.298707650763
2026-03-13,7137.2119140625,7360.286487613947,7351.8240378985765
2026-03-16,7022.2880859375,7130.298849270275,7145.481167168745
2026-03-17,7106.8388671875,7021.265219779917,7048.976122974433
2026-03-18,7106.8388671875,7107.892595836611,7131.655232598012
2026-03-19,7106.8388671875,7103.115135947179,7083.11972540813
2026-03-20,7106.8388671875,7105.888978532227,7095.084148969195
2026-03-23,7106.8388671875,7106.582589354243,7089.592809706523
2026-03-24,7106.8388671875,7107.397046325815,7118.006333344405
2026-03-25,7302.12109375,7108.058597224343,7094.444076963604
2026-03-26,7164.0908203125,7308.753921870895,7320.072091879794
2026-03-27,7097.05712890625,7160.42687013191,7129.173871109603
2026-03-30,7091.669921875,7101.704783375089,7077.555915345654
2026-03-31,7048.22216796875,7095.553049275258,7092.352966946347
2026-04-01,7184.43798828125,7050.028593511442,7082.905496175425
2026-04-02,7026.7822265625,7191.192622915991,7204.033221286257
2026-04-03,7026.7822265625,7023.57529674183,7035.286276332371
2026-04-06,6989.42578125,7032.722437365104,7044.551511244592
2026-04-07,6971.02685546875,6990.752752317761,7016.057890935968
2026-04-08,7279.208984375,6973.5804924770655,6986.851424140675
2026-04-09,7307.5888671875,7289.264553269283,7314.756562783964
2026-04-10,7458.49609375,7306.5560525119345,7317.86061186157
2026-04-13,7500.18701171875,7467.346763779743,7456.070782189593
2026-04-14,7675.951171875,7504.823104995968,7517.350862503123
2026-04-15,7623.5859375,7686.898795174933,7697.557632077811
2026-04-16,7621.3818359375,7627.206880939199,7636.936320128277
2026-04-17,7634.00390625,7630.591980687709,7625.6258671877695
2026-04-20,7594.11083984375,7641.730175027912,7664.477178855399
2026-04-21,7559.3798828125,7599.849313822327,7596.582276487692
2026-04-22,7541.61181640625,7565.400261957435,7555.778421221941
2026-04-23,7378.60595703125,7546.988463292057,7564.974418392099
2026-04-24,7129.490234375,7379.3430913164,7380.02315966907
2026-04-27,7106.52001953125,7129.329017131685,7154.36197131518
2026-04-28,7072.39208984375,7111.07655142731,7121.89715823543
2026-04-29,7101.22607421875,7071.263090799031,7079.26400183927
2026-04-30,6956.80419921875,7101.790993040808,7111.854364363222
